2020-04-11 10:46:51, 	Bitfinex    , 	Bittrex     , 	IOST/BTC, 	4.8e-07, 	48.29296317, 	4.7e-07, 	190157.20372966, 	2.127660%, 	0.450000%, 	1.677660%
2020-04-11 10:47:06, 	Bitfinex    , 	Bittrex     , 	IOST/BTC, 	4.8e-07, 	48.29296317, 	4.7e-07, 	190157.20372966, 	2.127660%, 	0.450000%, 	1.677660%
2020-04-11 10:47:21, 	Bitfinex    , 	Bittrex     , 	IOST/BTC, 	4.8e-07, 	48.29296317, 	4.7e-07, 	190157.20372966, 	2.127660%, 	0.450000%, 	1.677660%
2020-04-11 10:47:36, 	Bitfinex    , 	Bittrex     , 	IOST/BTC, 	4.8e-07, 	48.29296317, 	4.7e-07, 	190157.20372966, 	2.127660%, 	0.450000%, 	1.677660%
2020-04-11 10:47:51, 	Bitfinex    , 	Bittrex     , 	IOST/BTC, 	4.8e-07, 	48.29296317, 	4.7e-07, 	190157.20372966, 	2.127660%, 	0.450000%, 	1.677660%
2020-04-11 10:48:06, 	Bitfinex    , 	Bittrex     , 	IOST/BTC, 	4.8e-07, 	48.29296317, 	4.7e-07, 	190157.20372966, 	2.127660%, 	0.450000%, 	1.677660%
2020-04-11 10:48:21, 	Bitfinex    , 	Bittrex     , 	IOST/BTC, 	4.8e-07, 	48.29296317, 	4.7e-07, 	190157.20372966, 	2.127660%, 	0.450000%, 	1.677660%
2020-04-11 10:48:36, 	Bitfinex    , 	Bittrex     , 	IOST/BTC, 	4.8e-07, 	48.29296317, 	4.7e-07, 	190157.20372966, 	2.127660%, 	0.450000%, 	1.677660%
2020-04-11 10:48:51, 	Bitfinex    , 	Bittrex     , 	IOST/BTC, 	4.8e-07, 	48.29296317, 	4.7e-07, 	190157.20372966, 	2.127660%, 	0.450000%, 	1.677660%
2020-04-11 10:49:06, 	Bitfinex    , 	Bittrex     , 	IOST/BTC, 	4.8e-07, 	48.29296317, 	4.7e-07, 	190157.20372966, 	2.127660%, 	0.450000%, 	1.677660%
2020-04-11 10:49:21, 	Bitfinex    , 	Bittrex     , 	IOST/BTC, 	4.8e-07, 	48.29296317, 	4.7e-07, 	190157.20372966, 	2.127660%, 	0.450000%, 	1.677660%
2020-04-11 10:49:36, 	Bitfinex    , 	Bittrex     , 	IOST/BTC, 	4.8e-07, 	48.29296317, 	4.7e-07, 	190157.20372966, 	2.127660%, 	0.450000%, 	1.677660%
2020-04-11 10:49:51, 	Bitfinex    , 	Bittrex     , 	IOST/BTC, 	4.8e-07, 	48.29296317, 	4.7e-07, 	190157.20372966, 	2.127660%, 	0.450000%, 	1.677660%
2020-04-11 10:50:06, 	Bitfinex    , 	Bittrex     , 	IOST/BTC, 	4.8e-07, 	48.29296317, 	4.7e-07, 	190157.20372966, 	2.127660%, 	0.450000%, 	1.677660%
2020-04-11 10:50:21, 	Bitfinex    , 	Bittrex     , 	IOST/BTC, 	4.8e-07, 	48.29296317, 	4.7e-07, 	190157.20372966, 	2.127660%, 	0.450000%, 	1.677660%
2020-04-11 10:50:36, 	Bitfinex    , 	Bittrex     , 	IOST/BTC, 	4.8e-07, 	48.29296317, 	4.7e-07, 	190157.20372966, 	2.127660%, 	0.450000%, 	1.677660%
2020-04-11 10:50:51, 	Bitfinex    , 	Bittrex     , 	IOST/BTC, 	4.8e-07, 	48.29296317, 	4.7e-07, 	190157.20372966, 	2.127660%, 	0.450000%, 	1.677660%
2020-04-11 10:51:06, 	Bitfinex    , 	Bittrex     , 	IOST/BTC, 	4.8e-07, 	48.29296317, 	4.7e-07, 	190157.20372966, 	2.127660%, 	0.450000%, 	1.677660%
2020-04-11 10:51:21, 	Bitfinex    , 	Bittrex     , 	IOST/BTC, 	4.8e-07, 	48.29296317, 	4.7e-07, 	190157.20372966, 	2.127660%, 	0.450000%, 	1.677660%
2020-04-11 10:51:36, 	Bitfinex    , 	Bittrex     , 	IOST/BTC, 	4.8e-07, 	48.29296317, 	4.7e-07, 	190157.20372966, 	2.127660%, 	0.450000%, 	1.677660%
2020-04-11 10:51:51, 	Bitfinex    , 	Bittrex     , 	IOST/BTC, 	4.8e-07, 	48.29296317, 	4.7e-07, 	190157.20372966, 	2.127660%, 	0.450000%, 	1.677660%
2020-04-11 10:52:06, 	Bitfinex    , 	Bittrex     , 	IOST/BTC, 	4.8e-07, 	48.29296317, 	4.7e-07, 	190157.20372966, 	2.127660%, 	0.450000%, 	1.677660%
2020-04-11 10:52:21, 	Bitfinex    , 	Bittrex     , 	IOST/BTC, 	4.8e-07, 	48.29296317, 	4.7e-07, 	190157.20372966, 	2.127660%, 	0.450000%, 	1.677660%
2020-04-11 10:52:36, 	Bitfinex    , 	Bittrex     , 	IOST/BTC, 	4.8e-07, 	48.29296317, 	4.7e-07, 	190157.20372966, 	2.127660%, 	0.450000%, 	1.677660%
2020-04-11 10:52:51, 	Bitfinex    , 	Bittrex     , 	IOST/BTC, 	4.8e-07, 	48.29296317, 	4.7e-07, 	190157.20372966, 	2.127660%, 	0.450000%, 	1.677660%
2020-04-11 10:53:06, 	Bitfinex    , 	Bittrex     , 	IOST/BTC, 	4.8e-07, 	48.29296317, 	4.7e-07, 	190157.20372966, 	2.127660%, 	0.450000%, 	1.677660%
2020-04-11 10:53:21, 	Bitfinex    , 	Bittrex     , 	IOST/BTC, 	4.8e-07, 	48.29296317, 	4.7e-07, 	190157.20372966, 	2.127660%, 	0.450000%, 	1.677660%
2020-04-11 10:53:36, 	Bitfinex    , 	Bittrex     , 	IOST/BTC, 	4.8e-07, 	48.29296317, 	4.7e-07, 	190157.20372966, 	2.127660%, 	0.450000%, 	1.677660%
2020-04-11 10:53:51, 	Bitfinex    , 	Bittrex     , 	IOST/BTC, 	4.8e-07, 	48.29296317, 	4.7e-07, 	190157.20372966, 	2.127660%, 	0.450000%, 	1.677660%
2020-04-11 10:54:06, 	Bitfinex    , 	Bittrex     , 	IOST/BTC, 	4.8e-07, 	48.29296317, 	4.7e-07, 	190157.20372966, 	2.127660%, 	0.450000%, 	1.677660%
2020-04-11 10:54:21, 	Bitfinex    , 	Bittrex     , 	IOST/BTC, 	4.8e-07, 	48.29296317, 	4.7e-07, 	190157.20372966, 	2.127660%, 	0.450000%, 	1.677660%
2020-04-11 10:54:36, 	Bitfinex    , 	Bittrex     , 	IOST/BTC, 	4.8e-07, 	48.29296317, 	4.7e-07, 	190157.20372966, 	2.127660%, 	0.450000%, 	1.677660%
2020-04-11 10:54:51, 	Bitfinex    , 	Bittrex     , 	IOST/BTC, 	4.8e-07, 	48.29296317, 	4.7e-07, 	190157.20372966, 	2.127660%, 	0.450000%, 	1.677660%
2020-04-11 10:55:06, 	Bitfinex    , 	Bittrex     , 	IOST/BTC, 	4.8e-07, 	48.29296317, 	4.7e-07, 	190157.20372966, 	2.127660%, 	0.450000%, 	1.677660%
2020-04-11 10:55:21, 	Bitfinex    , 	Bittrex     , 	IOST/BTC, 	4.8e-07, 	48.29296317, 	4.7e-07, 	190157.20372966, 	2.127660%, 	0.450000%, 	1.677660%
2020-04-11 10:55:36, 	Bitfinex    , 	Bittrex     , 	IOST/BTC, 	4.8e-07, 	48.29296317, 	4.7e-07, 	190157.20372966, 	2.127660%, 	0.450000%, 	1.677660%
2020-04-11 10:55:51, 	Bitfinex    , 	Bittrex     , 	IOST/BTC, 	4.8e-07, 	48.29296317, 	4.7e-07, 	190157.20372966, 	2.127660%, 	0.450000%, 	1.677660%
2020-04-11 10:56:06, 	Bitfinex    , 	Bittrex     , 	IOST/BTC, 	4.8e-07, 	48.29296317, 	4.7e-07, 	190157.20372966, 	2.127660%, 	0.450000%, 	1.677660%
2020-04-11 10:56:21, 	Bitfinex    , 	Bittrex     , 	IOST/BTC, 	4.8e-07, 	48.29296317, 	4.7e-07, 	190157.20372966, 	2.127660%, 	0.450000%, 	1.677660%
2020-04-11 10:56:36, 	Bitfinex    , 	Bittrex     , 	IOST/BTC, 	4.8e-07, 	48.29296317, 	4.7e-07, 	190157.20372966, 	2.127660%, 	0.450000%, 	1.677660%
2020-04-11 10:56:51, 	Bitfinex    , 	Bittrex     , 	IOST/BTC, 	4.8e-07, 	48.29296317, 	4.7e-07, 	190157.20372966, 	2.127660%, 	0.450000%, 	1.677660%
2020-04-11 10:57:06, 	Bitfinex    , 	Bittrex     , 	IOST/BTC, 	4.8e-07, 	48.29296317, 	4.7e-07, 	190157.20372966, 	2.127660%, 	0.450000%, 	1.677660%
2020-04-11 10:57:21, 	Bitfinex    , 	Bittrex     , 	IOST/BTC, 	4.8e-07, 	48.29296317, 	4.7e-07, 	190157.20372966, 	2.127660%, 	0.450000%, 	1.677660%
2020-04-11 10:57:36, 	Bitfinex    , 	Bittrex     , 	IOST/BTC, 	4.8e-07, 	48.29296317, 	4.7e-07, 	190157.20372966, 	2.127660%, 	0.450000%, 	1.677660%
2020-04-11 10:57:51, 	Bitfinex    , 	Bittrex     , 	IOST/BTC, 	4.8e-07, 	48.29296317, 	4.7e-07, 	190157.20372966, 	2.127660%, 	0.450000%, 	1.677660%
2020-04-11 10:58:06, 	Bitfinex    , 	Bittrex     , 	IOST/BTC, 	4.8e-07, 	48.29296317, 	4.7e-07, 	190157.20372966, 	2.127660%, 	0.450000%, 	1.677660%
2020-04-11 10:58:21, 	Bitfinex    , 	Bittrex     , 	IOST/BTC, 	4.8e-07, 	48.29296317, 	4.7e-07, 	190157.20372966, 	2.127660%, 	0.450000%, 	1.677660%
2020-04-11 10:58:36, 	Bitfinex    , 	Bittrex     , 	IOST/BTC, 	4.8e-07, 	48.29296317, 	4.7e-07, 	190157.20372966, 	2.127660%, 	0.450000%, 	1.677660%
2020-04-11 10:58:51, 	Bitfinex    , 	Bittrex     , 	IOST/BTC, 	4.8e-07, 	48.29296317, 	4.7e-07, 	190157.20372966, 	2.127660%, 	0.450000%, 	1.677660%
2020-04-11 10:59:06, 	Bitfinex    , 	Bittrex     , 	IOST/BTC, 	4.8e-07, 	48.29296317, 	4.7e-07, 	190157.20372966, 	2.127660%, 	0.450000%, 	1.677660%
2020-04-11 10:59:21, 	Bitfinex    , 	Bittrex     , 	IOST/BTC, 	4.8e-07, 	48.29296317, 	4.7e-07, 	190157.20372966, 	2.127660%, 	0.450000%, 	1.677660%
2020-04-11 10:59:36, 	Bitfinex    , 	Bittrex     , 	IOST/BTC, 	4.8e-07, 	48.29296317, 	4.7e-07, 	190157.20372966, 	2.127660%, 	0.450000%, 	1.677660%
2020-04-11 10:59:51, 	Bitfinex    , 	Bittrex     , 	IOST/BTC, 	4.8e-07, 	48.29296317, 	4.7e-07, 	190157.20372966, 	2.127660%, 	0.450000%, 	1.677660%
2020-04-11 11:00:06, 	Bitfinex    , 	Bittrex     , 	IOST/BTC, 	4.8e-07, 	48.29296317, 	4.7e-07, 	190157.20372966, 	2.127660%, 	0.450000%, 	1.677660%
2020-04-11 11:00:21, 	Bitfinex    , 	Bittrex     , 	IOST/BTC, 	4.8e-07, 	48.29296317, 	4.7e-07, 	190157.20372966, 	2.127660%, 	0.450000%, 	1.677660%
2020-04-11 11:00:36, 	Bitfinex    , 	Bittrex     , 	IOST/BTC, 	4.8e-07, 	48.29296317, 	4.7e-07, 	190157.20372966, 	2.127660%, 	0.450000%, 	1.677660%
2020-04-11 11:00:51, 	Bitfinex    , 	Bittrex     , 	IOST/BTC, 	4.8e-07, 	48.29296317, 	4.7e-07, 	190157.20372966, 	2.127660%, 	0.450000%, 	1.677660%
2020-04-11 11:01:06, 	Bitfinex    , 	Bittrex     , 	IOST/BTC, 	4.8e-07, 	48.29296317, 	4.7e-07, 	190157.20372966, 	2.127660%, 	0.450000%, 	1.677660%
2020-04-11 11:01:21, 	Bitfinex    , 	Bittrex     , 	IOST/BTC, 	4.8e-07, 	48.29296317, 	4.7e-07, 	190157.20372966, 	2.127660%, 	0.450000%, 	1.677660%
2020-04-11 11:01:36, 	Bitfinex    , 	Bittrex     , 	IOST/BTC, 	4.8e-07, 	48.29296317, 	4.7e-07, 	190157.20372966, 	2.127660%, 	0.450000%, 	1.677660%
2020-04-11 11:01:51, 	Bitfinex    , 	Bittrex     , 	IOST/BTC, 	4.8e-07, 	48.29296317, 	4.7e-07, 	190157.20372966, 	2.127660%, 	0.450000%, 	1.677660%
2020-04-11 11:02:06, 	Bitfinex    , 	Bittrex     , 	IOST/BTC, 	4.8e-07, 	48.29296317, 	4.7e-07, 	190157.20372966, 	2.127660%, 	0.450000%, 	1.677660%
2020-04-11 11:02:21, 	Bitfinex    , 	Bittrex     , 	IOST/BTC, 	4.8e-07, 	48.29296317, 	4.7e-07, 	190157.20372966, 	2.127660%, 	0.450000%, 	1.677660%
2020-04-11 11:02:36, 	Bitfinex    , 	Bittrex     , 	IOST/BTC, 	4.8e-07, 	48.29296317, 	4.7e-07, 	190157.20372966, 	2.127660%, 	0.450000%, 	1.677660%
2020-04-11 11:02:51, 	Bitfinex    , 	Bittrex     , 	IOST/BTC, 	4.8e-07, 	48.29296317, 	4.7e-07, 	190157.20372966, 	2.127660%, 	0.450000%, 	1.677660%
2020-04-11 11:03:06, 	Bitfinex    , 	Bittrex     , 	IOST/BTC, 	4.8e-07, 	48.29296317, 	4.7e-07, 	190157.20372966, 	2.127660%, 	0.450000%, 	1.677660%
2020-04-11 11:03:21, 	Bitfinex    , 	Bittrex     , 	IOST/BTC, 	4.8e-07, 	48.29296317, 	4.7e-07, 	190157.20372966, 	2.127660%, 	0.450000%, 	1.677660%
2020-04-11 11:03:36, 	Bitfinex    , 	Bittrex     , 	IOST/BTC, 	4.8e-07, 	48.29296317, 	4.7e-07, 	190157.20372966, 	2.127660%, 	0.450000%, 	1.677660%
2020-04-11 11:03:51, 	Bitfinex    , 	Bittrex     , 	IOST/BTC, 	4.8e-07, 	48.29296317, 	4.7e-07, 	190157.20372966, 	2.127660%, 	0.450000%, 	1.677660%
2020-04-11 11:04:06, 	Bitfinex    , 	Bittrex     , 	IOST/BTC, 	4.8e-07, 	48.29296317, 	4.7e-07, 	190157.20372966, 	2.127660%, 	0.450000%, 	1.677660%
2020-04-11 11:04:21, 	Bitfinex    , 	Bittrex     , 	IOST/BTC, 	4.8e-07, 	48.29296317, 	4.7e-07, 	190157.20372966, 	2.127660%, 	0.450000%, 	1.677660%
2020-04-11 11:04:36, 	Bitfinex    , 	Bittrex     , 	IOST/BTC, 	4.8e-07, 	48.29296317, 	4.7e-07, 	190157.20372966, 	2.127660%, 	0.450000%, 	1.677660%
2020-04-11 11:04:51, 	Bitfinex    , 	Bittrex     , 	IOST/BTC, 	4.8e-07, 	48.29296317, 	4.7e-07, 	190157.20372966, 	2.127660%, 	0.450000%, 	1.677660%
2020-04-11 11:05:06, 	Bitfinex    , 	Bittrex     , 	IOST/BTC, 	4.8e-07, 	48.29296317, 	4.7e-07, 	190157.20372966, 	2.127660%, 	0.450000%, 	1.677660%
2020-04-11 11:05:21, 	Bitfinex    , 	Bittrex     , 	IOST/BTC, 	4.8e-07, 	48.29296317, 	4.7e-07, 	190157.20372966, 	2.127660%, 	0.450000%, 	1.677660%
2020-04-11 11:05:36, 	Bitfinex    , 	Bittrex     , 	IOST/BTC, 	4.8e-07, 	48.29296317, 	4.7e-07, 	190157.20372966, 	2.127660%, 	0.450000%, 	1.677660%
2020-04-11 11:05:51, 	Bitfinex    , 	Bittrex     , 	IOST/BTC, 	4.8e-07, 	48.29296317, 	4.7e-07, 	190157.20372966, 	2.127660%, 	0.450000%, 	1.677660%
2020-04-11 11:06:06, 	Bitfinex    , 	Bittrex     , 	IOST/BTC, 	4.8e-07, 	48.29296317, 	4.7e-07, 	190157.20372966, 	2.127660%, 	0.450000%, 	1.677660%
2020-04-11 11:06:21, 	Bitfinex    , 	Bittrex     , 	IOST/BTC, 	4.8e-07, 	48.29296317, 	4.7e-07, 	190157.20372966, 	2.127660%, 	0.450000%, 	1.677660%
2020-04-11 11:06:36, 	Bitfinex    , 	Bittrex     , 	IOST/BTC, 	4.8e-07, 	48.29296317, 	4.7e-07, 	190157.20372966, 	2.127660%, 	0.450000%, 	1.677660%
2020-04-11 11:06:51, 	Bitfinex    , 	Bittrex     , 	IOST/BTC, 	4.8e-07, 	48.29296317, 	4.7e-07, 	190157.20372966, 	2.127660%, 	0.450000%, 	1.677660%
2020-04-11 11:07:06, 	Bitfinex    , 	Bittrex     , 	IOST/BTC, 	4.8e-07, 	48.29296317, 	4.7e-07, 	190157.20372966, 	2.127660%, 	0.450000%, 	1.677660%
2020-04-11 11:07:21, 	Bitfinex    , 	Bittrex     , 	IOST/BTC, 	4.8e-07, 	48.29296317, 	4.7e-07, 	190157.20372966, 	2.127660%, 	0.450000%, 	1.677660%
2020-04-11 11:07:36, 	Bitfinex    , 	Bittrex     , 	IOST/BTC, 	4.8e-07, 	48.29296317, 	4.7e-07, 	190157.20372966, 	2.127660%, 	0.450000%, 	1.677660%
2020-04-11 11:07:51, 	Bitfinex    , 	Bittrex     , 	IOST/BTC, 	4.8e-07, 	48.29296317, 	4.7e-07, 	190157.20372966, 	2.127660%, 	0.450000%, 	1.677660%
2020-04-11 11:08:06, 	Bitfinex    , 	Bittrex     , 	IOST/BTC, 	4.8e-07, 	48.29296317, 	4.7e-07, 	190157.20372966, 	2.127660%, 	0.450000%, 	1.677660%
2020-04-11 11:08:21, 	Bitfinex    , 	Bittrex     , 	IOST/BTC, 	4.8e-07, 	48.29296317, 	4.7e-07, 	190157.20372966, 	2.127660%, 	0.450000%, 	1.677660%
2020-04-11 11:08:36, 	Bitfinex    , 	Bittrex     , 	IOST/BTC, 	4.8e-07, 	48.29296317, 	4.7e-07, 	190157.20372966, 	2.127660%, 	0.450000%, 	1.677660%
2020-04-11 11:08:51, 	Bitfinex    , 	Bittrex     , 	IOST/BTC, 	4.8e-07, 	48.29296317, 	4.7e-07, 	190157.20372966, 	2.127660%, 	0.450000%, 	1.677660%
2020-04-11 11:09:06, 	Bitfinex    , 	Bittrex     , 	IOST/BTC, 	4.8e-07, 	48.29296317, 	4.7e-07, 	190157.20372966, 	2.127660%, 	0.450000%, 	1.677660%
2020-04-11 11:09:21, 	Bitfinex    , 	Bittrex     , 	IOST/BTC, 	4.8e-07, 	48.29296317, 	4.7e-07, 	190157.20372966, 	2.127660%, 	0.450000%, 	1.677660%
2020-04-11 11:09:36, 	Bitfinex    , 	Bittrex     , 	IOST/BTC, 	4.8e-07, 	48.29296317, 	4.7e-07, 	190157.20372966, 	2.127660%, 	0.450000%, 	1.677660%
2020-04-11 11:09:51, 	Bitfinex    , 	Bittrex     , 	IOST/BTC, 	4.8e-07, 	48.29296317, 	4.7e-07, 	190157.20372966, 	2.127660%, 	0.450000%, 	1.677660%
2020-04-11 11:10:06, 	Bitfinex    , 	Bittrex     , 	IOST/BTC, 	4.8e-07, 	48.29296317, 	4.7e-07, 	190157.20372966, 	2.127660%, 	0.450000%, 	1.677660%
2020-04-11 11:11:12, 	Bitfinex    , 	Bittrex     , 	IOST/BTC, 	4.8e-07, 	48.29296317, 	4.7e-07, 	190157.20372966, 	2.127660%, 	0.450000%, 	1.677660%
2020-04-11 11:11:27, 	Bitfinex    , 	Bittrex     , 	IOST/BTC, 	4.8e-07, 	48.29296317, 	4.7e-07, 	190157.20372966, 	2.127660%, 	0.450000%, 	1.677660%
2020-04-11 11:11:42, 	Bitfinex    , 	Bittrex     , 	IOST/BTC, 	4.8e-07, 	48.29296317, 	4.7e-07, 	190157.20372966, 	2.127660%, 	0.450000%, 	1.677660%
2020-04-11 11:11:57, 	Bitfinex    , 	Bittrex     , 	IOST/BTC, 	4.8e-07, 	48.29296317, 	4.7e-07, 	190157.20372966, 	2.127660%, 	0.450000%, 	1.677660%
2020-04-11 11:12:12, 	Bitfinex    , 	Bittrex     , 	IOST/BTC, 	4.8e-07, 	48.29296317, 	4.7e-07, 	190157.20372966, 	2.127660%, 	0.450000%, 	1.677660%
2020-04-11 11:12:27, 	Bitfinex    , 	Bittrex     , 	IOST/BTC, 	4.8e-07, 	48.29296317, 	4.7e-07, 	190157.20372966, 	2.127660%, 	0.450000%, 	1.677660%
2020-04-11 11:12:42, 	Bitfinex    , 	Bittrex     , 	IOST/BTC, 	4.8e-07, 	48.29296317, 	4.7e-07, 	190157.20372966, 	2.127660%, 	0.450000%, 	1.677660%
2020-04-11 11:12:57, 	Bitfinex    , 	Bittrex     , 	IOST/BTC, 	4.8e-07, 	48.29296317, 	4.7e-07, 	190157.20372966, 	2.127660%, 	0.450000%, 	1.677660%
2020-04-11 11:13:12, 	Bitfinex    , 	Bittrex     , 	IOST/BTC, 	4.8e-07, 	48.29296317, 	4.7e-07, 	190157.20372966, 	2.127660%, 	0.450000%, 	1.677660%
2020-04-11 11:14:20, 	Bitfinex    , 	Bittrex     , 	IOST/BTC, 	4.8e-07, 	48.29296317, 	4.7e-07, 	190157.20372966, 	2.127660%, 	0.450000%, 	1.677660%
2020-04-11 11:14:35, 	Bitfinex    , 	Bittrex     , 	IOST/BTC, 	4.8e-07, 	48.29296317, 	4.7e-07, 	190157.20372966, 	2.127660%, 	0.450000%, 	1.677660%
2020-04-11 11:14:50, 	Bitfinex    , 	Bittrex     , 	IOST/BTC, 	4.8e-07, 	48.29296317, 	4.7e-07, 	190157.20372966, 	2.127660%, 	0.450000%, 	1.677660%
2020-04-11 11:15:05, 	Bitfinex    , 	Bittrex     , 	IOST/BTC, 	4.8e-07, 	48.29296317, 	4.7e-07, 	190157.20372966, 	2.127660%, 	0.450000%, 	1.677660%
2020-04-11 11:15:20, 	Bitfinex    , 	Bittrex     , 	IOST/BTC, 	4.8e-07, 	48.29296317, 	4.7e-07, 	190157.20372966, 	2.127660%, 	0.450000%, 	1.677660%
2020-04-11 11:15:35, 	Bitfinex    , 	Bittrex     , 	IOST/BTC, 	4.8e-07, 	48.29296317, 	4.7e-07, 	190157.20372966, 	2.127660%, 	0.450000%, 	1.677660%
2020-04-11 11:15:50, 	Bitfinex    , 	Bittrex     , 	IOST/BTC, 	4.8e-07, 	48.29296317, 	4.7e-07, 	190157.20372966, 	2.127660%, 	0.450000%, 	1.677660%
2020-04-11 11:15:59, 	Bitfinex    , 	Bittrex     , 	IOST/BTC, 	4.8e-07, 	48.29296317, 	4.7e-07, 	190157.20372966, 	2.127660%, 	0.450000%, 	1.677660%
2020-04-11 11:16:05, 	Bitfinex    , 	Bittrex     , 	IOST/BTC, 	4.8e-07, 	48.29296317, 	4.7e-07, 	190157.20372966, 	2.127660%, 	0.450000%, 	1.677660%
2020-04-11 11:17:14, 	Bitfinex    , 	Bittrex     , 	IOST/BTC, 	4.8e-07, 	48.29296317, 	4.7e-07, 	190157.20372966, 	2.127660%, 	0.450000%, 	1.677660%
2020-04-11 11:17:14, 	Bitfinex    , 	Bittrex     , 	IOST/BTC, 	4.8e-07, 	48.29296317, 	4.7e-07, 	190157.20372966, 	2.127660%, 	0.450000%, 	1.677660%
2020-04-11 11:17:30, 	Bitfinex    , 	Bittrex     , 	IOST/BTC, 	4.8e-07, 	48.29296317, 	4.7e-07, 	190157.20372966, 	2.127660%, 	0.450000%, 	1.677660%
2020-04-11 11:17:29, 	Bitfinex    , 	Bittrex     , 	IOST/BTC, 	4.8e-07, 	48.29296317, 	4.7e-07, 	190157.20372966, 	2.127660%, 	0.450000%, 	1.677660%
2020-04-11 11:17:45, 	Bitfinex    , 	Bittrex     , 	IOST/BTC, 	4.8e-07, 	48.29296317, 	4.7e-07, 	190157.20372966, 	2.127660%, 	0.450000%, 	1.677660%
2020-04-11 11:17:44, 	Bitfinex    , 	Bittrex     , 	IOST/BTC, 	4.8e-07, 	48.29296317, 	4.7e-07, 	190157.20372966, 	2.127660%, 	0.450000%, 	1.677660%
2020-04-11 11:18:00, 	Bitfinex    , 	Bittrex     , 	IOST/BTC, 	4.8e-07, 	48.29296317, 	4.7e-07, 	190157.20372966, 	2.127660%, 	0.450000%, 	1.677660%
2020-04-11 11:17:59, 	Bitfinex    , 	Bittrex     , 	IOST/BTC, 	4.8e-07, 	48.29296317, 	4.7e-07, 	190157.20372966, 	2.127660%, 	0.450000%, 	1.677660%
2020-04-11 11:18:15, 	Bitfinex    , 	Bittrex     , 	IOST/BTC, 	4.8e-07, 	48.29296317, 	4.7e-07, 	190157.20372966, 	2.127660%, 	0.450000%, 	1.677660%
2020-04-11 11:18:15, 	Bitfinex    , 	Bittrex     , 	IOST/BTC, 	4.8e-07, 	48.29296317, 	4.7e-07, 	190157.20372966, 	2.127660%, 	0.450000%, 	1.677660%
2020-04-11 11:18:30, 	Bitfinex    , 	Bittrex     , 	IOST/BTC, 	4.8e-07, 	48.29296317, 	4.7e-07, 	190157.20372966, 	2.127660%, 	0.450000%, 	1.677660%
2020-04-11 11:18:30, 	Bitfinex    , 	Bittrex     , 	IOST/BTC, 	4.8e-07, 	48.29296317, 	4.7e-07, 	190157.20372966, 	2.127660%, 	0.450000%, 	1.677660%
2020-04-11 11:19:37, 	Bitfinex    , 	Bittrex     , 	IOST/BTC, 	4.8e-07, 	48.29296317, 	4.7e-07, 	190157.20372966, 	2.127660%, 	0.450000%, 	1.677660%
2020-04-11 11:19:37, 	Bitfinex    , 	Bittrex     , 	IOST/BTC, 	4.8e-07, 	48.29296317, 	4.7e-07, 	190157.20372966, 	2.127660%, 	0.450000%, 	1.677660%
2020-04-11 11:19:52, 	Bitfinex    , 	Bittrex     , 	IOST/BTC, 	4.8e-07, 	48.29296317, 	4.7e-07, 	190157.20372966, 	2.127660%, 	0.450000%, 	1.677660%
2020-04-11 11:19:52, 	Bitfinex    , 	Bittrex     , 	IOST/BTC, 	4.8e-07, 	48.29296317, 	4.7e-07, 	190157.20372966, 	2.127660%, 	0.450000%, 	1.677660%
2020-04-11 11:20:07, 	Bitfinex    , 	Bittrex     , 	IOST/BTC, 	4.8e-07, 	48.29296317, 	4.7e-07, 	190157.20372966, 	2.127660%, 	0.450000%, 	1.677660%
2020-04-11 11:20:07, 	Bitfinex    , 	Bittrex     , 	IOST/BTC, 	4.8e-07, 	48.29296317, 	4.7e-07, 	190157.20372966, 	2.127660%, 	0.450000%, 	1.677660%
2020-04-11 11:20:22, 	Bitfinex    , 	Bittrex     , 	IOST/BTC, 	4.8e-07, 	48.29296317, 	4.7e-07, 	190157.20372966, 	2.127660%, 	0.450000%, 	1.677660%
2020-04-11 11:20:22, 	Bitfinex    , 	Bittrex     , 	IOST/BTC, 	4.8e-07, 	48.29296317, 	4.7e-07, 	190157.20372966, 	2.127660%, 	0.450000%, 	1.677660%
2020-04-11 11:20:37, 	Bitfinex    , 	Bittrex     , 	IOST/BTC, 	4.8e-07, 	48.29296317, 	4.7e-07, 	190157.20372966, 	2.127660%, 	0.450000%, 	1.677660%
2020-04-11 11:20:37, 	Bitfinex    , 	Bittrex     , 	IOST/BTC, 	4.8e-07, 	48.29296317, 	4.7e-07, 	190157.20372966, 	2.127660%, 	0.450000%, 	1.677660%
2020-04-11 11:20:52, 	Bitfinex    , 	Bittrex     , 	IOST/BTC, 	4.8e-07, 	48.29296317, 	4.7e-07, 	190157.20372966, 	2.127660%, 	0.450000%, 	1.677660%
2020-04-11 11:20:52, 	Bitfinex    , 	Bittrex     , 	IOST/BTC, 	4.8e-07, 	48.29296317, 	4.7e-07, 	190157.20372966, 	2.127660%, 	0.450000%, 	1.677660%
2020-04-11 11:21:59, 	Bitfinex    , 	Bittrex     , 	IOST/BTC, 	4.8e-07, 	48.29296317, 	4.7e-07, 	190157.20372966, 	2.127660%, 	0.450000%, 	1.677660%
2020-04-11 11:22:00, 	Bitfinex    , 	Bittrex     , 	IOST/BTC, 	4.8e-07, 	48.29296317, 	4.7e-07, 	190157.20372966, 	2.127660%, 	0.450000%, 	1.677660%
2020-04-11 11:22:14, 	Bitfinex    , 	Bittrex     , 	IOST/BTC, 	4.8e-07, 	48.29296317, 	4.7e-07, 	190157.20372966, 	2.127660%, 	0.450000%, 	1.677660%
2020-04-11 11:22:15, 	Bitfinex    , 	Bittrex     , 	IOST/BTC, 	4.8e-07, 	48.29296317, 	4.7e-07, 	190157.20372966, 	2.127660%, 	0.450000%, 	1.677660%
2020-04-11 11:22:29, 	Bitfinex    , 	Bittrex     , 	IOST/BTC, 	4.8e-07, 	48.29296317, 	4.7e-07, 	190157.20372966, 	2.127660%, 	0.450000%, 	1.677660%
2020-04-11 11:22:30, 	Bitfinex    , 	Bittrex     , 	IOST/BTC, 	4.8e-07, 	48.29296317, 	4.7e-07, 	190157.20372966, 	2.127660%, 	0.450000%, 	1.677660%
2020-04-11 11:22:44, 	Bitfinex    , 	Bittrex     , 	IOST/BTC, 	4.8e-07, 	48.29296317, 	4.7e-07, 	190157.20372966, 	2.127660%, 	0.450000%, 	1.677660%
2020-04-11 11:22:45, 	Bitfinex    , 	Bittrex     , 	IOST/BTC, 	4.8e-07, 	48.29296317, 	4.7e-07, 	190157.20372966, 	2.127660%, 	0.450000%, 	1.677660%
2020-04-11 11:24:01, 	Bitfinex    , 	Bittrex     , 	IOST/BTC, 	4.8e-07, 	48.29296317, 	4.7e-07, 	190157.20372966, 	2.127660%, 	0.450000%, 	1.677660%
2020-04-11 11:24:01, 	Bitfinex    , 	Bittrex     , 	IOST/BTC, 	4.8e-07, 	48.29296317, 	4.7e-07, 	190157.20372966, 	2.127660%, 	0.450000%, 	1.677660%
2020-04-11 11:24:16, 	Bitfinex    , 	Bittrex     , 	IOST/BTC, 	4.8e-07, 	48.29296317, 	4.7e-07, 	190157.20372966, 	2.127660%, 	0.450000%, 	1.677660%
2020-04-11 11:24:16, 	Bitfinex    , 	Bittrex     , 	IOST/BTC, 	4.8e-07, 	48.29296317, 	4.7e-07, 	190157.20372966, 	2.127660%, 	0.450000%, 	1.677660%
2020-04-11 11:24:31, 	Bitfinex    , 	Bittrex     , 	IOST/BTC, 	4.8e-07, 	48.29296317, 	4.7e-07, 	190157.20372966, 	2.127660%, 	0.450000%, 	1.677660%
2020-04-11 11:24:31, 	Bitfinex    , 	Bittrex     , 	IOST/BTC, 	4.8e-07, 	48.29296317, 	4.7e-07, 	190157.20372966, 	2.127660%, 	0.450000%, 	1.677660%
2020-04-11 11:24:46, 	Bitfinex    , 	Bittrex     , 	IOST/BTC, 	4.8e-07, 	48.29296317, 	4.7e-07, 	190157.20372966, 	2.127660%, 	0.450000%, 	1.677660%
2020-04-11 11:24:46, 	Bitfinex    , 	Bittrex     , 	IOST/BTC, 	4.8e-07, 	48.29296317, 	4.7e-07, 	190157.20372966, 	2.127660%, 	0.450000%, 	1.677660%
2020-04-11 11:26:02, 	Bitfinex    , 	Bittrex     , 	IOST/BTC, 	4.8e-07, 	48.29296317, 	4.7e-07, 	190157.20372966, 	2.127660%, 	0.450000%, 	1.677660%
2020-04-11 11:26:02, 	Bitfinex    , 	Bittrex     , 	IOST/BTC, 	4.8e-07, 	48.29296317, 	4.7e-07, 	190157.20372966, 	2.127660%, 	0.450000%, 	1.677660%
2020-04-11 11:26:17, 	Bitfinex    , 	Bittrex     , 	IOST/BTC, 	4.8e-07, 	48.29296317, 	4.7e-07, 	190157.20372966, 	2.127660%, 	0.450000%, 	1.677660%
2020-04-11 11:26:17, 	Bitfinex    , 	Bittrex     , 	IOST/BTC, 	4.8e-07, 	48.29296317, 	4.7e-07, 	190157.20372966, 	2.127660%, 	0.450000%, 	1.677660%
2020-04-11 11:26:32, 	Bitfinex    , 	Bittrex     , 	IOST/BTC, 	4.8e-07, 	48.29296317, 	4.7e-07, 	190157.20372966, 	2.127660%, 	0.450000%, 	1.677660%
2020-04-11 11:26:32, 	Bitfinex    , 	Bittrex     , 	IOST/BTC, 	4.8e-07, 	48.29296317, 	4.7e-07, 	190157.20372966, 	2.127660%, 	0.450000%, 	1.677660%
2020-04-11 11:26:47, 	Bitfinex    , 	Bittrex     , 	IOST/BTC, 	4.8e-07, 	48.29296317, 	4.7e-07, 	190157.20372966, 	2.127660%, 	0.450000%, 	1.677660%
2020-04-11 11:26:47, 	Bitfinex    , 	Bittrex     , 	IOST/BTC, 	4.8e-07, 	48.29296317, 	4.7e-07, 	190157.20372966, 	2.127660%, 	0.450000%, 	1.677660%
2020-04-11 11:28:02, 	Bitfinex    , 	Bittrex     , 	IOST/BTC, 	4.8e-07, 	48.29296317, 	4.7e-07, 	190157.20372966, 	2.127660%, 	0.450000%, 	1.677660%
2020-04-11 11:28:02, 	Bitfinex    , 	Bittrex     , 	IOST/BTC, 	4.8e-07, 	48.29296317, 	4.7e-07, 	190157.20372966, 	2.127660%, 	0.450000%, 	1.677660%
2020-04-11 11:28:17, 	Bitfinex    , 	Bittrex     , 	IOST/BTC, 	4.8e-07, 	48.29296317, 	4.7e-07, 	190157.20372966, 	2.127660%, 	0.450000%, 	1.677660%
2020-04-11 11:28:17, 	Bitfinex    , 	Bittrex     , 	IOST/BTC, 	4.8e-07, 	48.29296317, 	4.7e-07, 	190157.20372966, 	2.127660%, 	0.450000%, 	1.677660%
2020-04-11 11:28:32, 	Bitfinex    , 	Bittrex     , 	IOST/BTC, 	4.8e-07, 	48.29296317, 	4.7e-07, 	190157.20372966, 	2.127660%, 	0.450000%, 	1.677660%
2020-04-11 11:28:32, 	Bitfinex    , 	Bittrex     , 	IOST/BTC, 	4.8e-07, 	48.29296317, 	4.7e-07, 	190157.20372966, 	2.127660%, 	0.450000%, 	1.677660%
2020-04-11 11:28:47, 	Bitfinex    , 	Bittrex     , 	IOST/BTC, 	4.8e-07, 	48.29296317, 	4.7e-07, 	190157.20372966, 	2.127660%, 	0.450000%, 	1.677660%
2020-04-11 11:28:47, 	Bitfinex    , 	Bittrex     , 	IOST/BTC, 	4.8e-07, 	48.29296317, 	4.7e-07, 	190157.20372966, 	2.127660%, 	0.450000%, 	1.677660%
2020-04-11 11:29:58, 	Bitfinex    , 	Bittrex     , 	IOST/BTC, 	4.8e-07, 	48.29296317, 	4.7e-07, 	190157.20372966, 	2.127660%, 	0.450000%, 	1.677660%
2020-04-11 11:29:58, 	Bitfinex    , 	Bittrex     , 	IOST/BTC, 	4.8e-07, 	48.29296317, 	4.7e-07, 	190157.20372966, 	2.127660%, 	0.450000%, 	1.677660%
2020-04-11 11:30:13, 	Bitfinex    , 	Bittrex     , 	IOST/BTC, 	4.8e-07, 	48.29296317, 	4.7e-07, 	190157.20372966, 	2.127660%, 	0.450000%, 	1.677660%
2020-04-11 11:30:13, 	Bitfinex    , 	Bittrex     , 	IOST/BTC, 	4.8e-07, 	48.29296317, 	4.7e-07, 	190157.20372966, 	2.127660%, 	0.450000%, 	1.677660%
2020-04-11 11:30:28, 	Bitfinex    , 	Bittrex     , 	IOST/BTC, 	4.8e-07, 	48.29296317, 	4.7e-07, 	190157.20372966, 	2.127660%, 	0.450000%, 	1.677660%
2020-04-11 11:30:28, 	Bitfinex    , 	Bittrex     , 	IOST/BTC, 	4.8e-07, 	48.29296317, 	4.7e-07, 	190157.20372966, 	2.127660%, 	0.450000%, 	1.677660%
2020-04-11 11:30:43, 	Bitfinex    , 	Bittrex     , 	IOST/BTC, 	4.8e-07, 	48.29296317, 	4.7e-07, 	190157.20372966, 	2.127660%, 	0.450000%, 	1.677660%
2020-04-11 11:30:43, 	Bitfinex    , 	Bittrex     , 	IOST/BTC, 	4.8e-07, 	48.29296317, 	4.7e-07, 	190157.20372966, 	2.127660%, 	0.450000%, 	1.677660%
2020-04-11 11:30:58, 	Bitfinex    , 	Bittrex     , 	IOST/BTC, 	4.8e-07, 	48.29296317, 	4.7e-07, 	190157.20372966, 	2.127660%, 	0.450000%, 	1.677660%
2020-04-11 11:30:58, 	Bitfinex    , 	Bittrex     , 	IOST/BTC, 	4.8e-07, 	48.29296317, 	4.7e-07, 	190157.20372966, 	2.127660%, 	0.450000%, 	1.677660%
2020-04-11 11:30:58, 	Bitfinex    , 	Bittrex     , 	IOST/BTC, 	4.8e-07, 	48.29296317, 	4.7e-07, 	190157.20372966, 	2.127660%, 	0.450000%, 	1.677660%
2020-04-11 11:32:06, 	Bitfinex    , 	Bittrex     , 	IOST/BTC, 	4.8e-07, 	48.29296317, 	4.7e-07, 	190157.20372966, 	2.127660%, 	0.450000%, 	1.677660%
2020-04-11 11:32:06, 	Bitfinex    , 	Bittrex     , 	IOST/BTC, 	4.8e-07, 	48.29296317, 	4.7e-07, 	190157.20372966, 	2.127660%, 	0.450000%, 	1.677660%
2020-04-11 11:32:06, 	Bitfinex    , 	Bittrex     , 	IOST/BTC, 	4.8e-07, 	48.29296317, 	4.7e-07, 	190157.20372966, 	2.127660%, 	0.450000%, 	1.677660%
2020-04-11 11:32:21, 	Bitfinex    , 	Bittrex     , 	IOST/BTC, 	4.8e-07, 	48.29296317, 	4.7e-07, 	190157.20372966, 	2.127660%, 	0.450000%, 	1.677660%
2020-04-11 11:32:21, 	Bitfinex    , 	Bittrex     , 	IOST/BTC, 	4.8e-07, 	48.29296317, 	4.7e-07, 	190157.20372966, 	2.127660%, 	0.450000%, 	1.677660%
2020-04-11 11:32:21, 	Bitfinex    , 	Bittrex     , 	IOST/BTC, 	4.8e-07, 	48.29296317, 	4.7e-07, 	190157.20372966, 	2.127660%, 	0.450000%, 	1.677660%
2020-04-11 11:32:36, 	Bitfinex    , 	Bittrex     , 	IOST/BTC, 	4.8e-07, 	48.29296317, 	4.7e-07, 	190157.20372966, 	2.127660%, 	0.450000%, 	1.677660%
2020-04-11 11:32:36, 	Bitfinex    , 	Bittrex     , 	IOST/BTC, 	4.8e-07, 	48.29296317, 	4.7e-07, 	190157.20372966, 	2.127660%, 	0.450000%, 	1.677660%
2020-04-11 11:32:36, 	Bitfinex    , 	Bittrex     , 	IOST/BTC, 	4.8e-07, 	48.29296317, 	4.7e-07, 	190157.20372966, 	2.127660%, 	0.450000%, 	1.677660%
2020-04-11 11:32:51, 	Bitfinex    , 	Bittrex     , 	IOST/BTC, 	4.8e-07, 	48.29296317, 	4.7e-07, 	190157.20372966, 	2.127660%, 	0.450000%, 	1.677660%
2020-04-11 11:32:51, 	Bitfinex    , 	Bittrex     , 	IOST/BTC, 	4.8e-07, 	48.29296317, 	4.7e-07, 	190157.20372966, 	2.127660%, 	0.450000%, 	1.677660%
2020-04-11 11:32:51, 	Bitfinex    , 	Bittrex     , 	IOST/BTC, 	4.8e-07, 	48.29296317, 	4.7e-07, 	190157.20372966, 	2.127660%, 	0.450000%, 	1.677660%
2020-04-11 11:33:59, 	Bitfinex    , 	Bittrex     , 	IOST/BTC, 	4.8e-07, 	48.29296317, 	4.7e-07, 	190157.20372966, 	2.127660%, 	0.450000%, 	1.677660%
2020-04-11 11:33:59, 	Bitfinex    , 	Bittrex     , 	IOST/BTC, 	4.8e-07, 	48.29296317, 	4.7e-07, 	190157.20372966, 	2.127660%, 	0.450000%, 	1.677660%
2020-04-11 11:33:59, 	Bitfinex    , 	Bittrex     , 	IOST/BTC, 	4.8e-07, 	48.29296317, 	4.7e-07, 	190157.20372966, 	2.127660%, 	0.450000%, 	1.677660%
2020-04-11 11:34:14, 	Bitfinex    , 	Bittrex     , 	IOST/BTC, 	4.8e-07, 	48.29296317, 	4.7e-07, 	190157.20372966, 	2.127660%, 	0.450000%, 	1.677660%
2020-04-11 11:34:14, 	Bitfinex    , 	Bittrex     , 	IOST/BTC, 	4.8e-07, 	48.29296317, 	4.7e-07, 	190157.20372966, 	2.127660%, 	0.450000%, 	1.677660%
2020-04-11 11:34:14, 	Bitfinex    , 	Bittrex     , 	IOST/BTC, 	4.8e-07, 	48.29296317, 	4.7e-07, 	190157.20372966, 	2.127660%, 	0.450000%, 	1.677660%
2020-04-11 11:34:29, 	Bitfinex    , 	Bittrex     , 	IOST/BTC, 	4.8e-07, 	48.29296317, 	4.7e-07, 	190157.20372966, 	2.127660%, 	0.450000%, 	1.677660%
2020-04-11 11:34:29, 	Bitfinex    , 	Bittrex     , 	IOST/BTC, 	4.8e-07, 	48.29296317, 	4.7e-07, 	190157.20372966, 	2.127660%, 	0.450000%, 	1.677660%
2020-04-11 11:34:29, 	Bitfinex    , 	Bittrex     , 	IOST/BTC, 	4.8e-07, 	48.29296317, 	4.7e-07, 	190157.20372966, 	2.127660%, 	0.450000%, 	1.677660%
2020-04-11 11:34:44, 	Bitfinex    , 	Bittrex     , 	IOST/BTC, 	4.8e-07, 	48.29296317, 	4.7e-07, 	190157.20372966, 	2.127660%, 	0.450000%, 	1.677660%
2020-04-11 11:34:44, 	Bitfinex    , 	Bittrex     , 	IOST/BTC, 	4.8e-07, 	48.29296317, 	4.7e-07, 	190157.20372966, 	2.127660%, 	0.450000%, 	1.677660%
2020-04-11 11:34:44, 	Bitfinex    , 	Bittrex     , 	IOST/BTC, 	4.8e-07, 	48.29296317, 	4.7e-07, 	190157.20372966, 	2.127660%, 	0.450000%, 	1.677660%
2020-04-11 11:35:52, 	Bitfinex    , 	Bittrex     , 	IOST/BTC, 	4.8e-07, 	48.29296317, 	4.7e-07, 	190157.20372966, 	2.127660%, 	0.450000%, 	1.677660%
2020-04-11 11:35:52, 	Bitfinex    , 	Bittrex     , 	IOST/BTC, 	4.8e-07, 	48.29296317, 	4.7e-07, 	190157.20372966, 	2.127660%, 	0.450000%, 	1.677660%
2020-04-11 11:35:52, 	Bitfinex    , 	Bittrex     , 	IOST/BTC, 	4.8e-07, 	48.29296317, 	4.7e-07, 	190157.20372966, 	2.127660%, 	0.450000%, 	1.677660%
2020-04-11 11:36:07, 	Bitfinex    , 	Bittrex     , 	IOST/BTC, 	4.8e-07, 	48.29296317, 	4.7e-07, 	190157.20372966, 	2.127660%, 	0.450000%, 	1.677660%
2020-04-11 11:36:07, 	Bitfinex    , 	Bittrex     , 	IOST/BTC, 	4.8e-07, 	48.29296317, 	4.7e-07, 	190157.20372966, 	2.127660%, 	0.450000%, 	1.677660%
2020-04-11 11:36:07, 	Bitfinex    , 	Bittrex     , 	IOST/BTC, 	4.8e-07, 	48.29296317, 	4.7e-07, 	190157.20372966, 	2.127660%, 	0.450000%, 	1.677660%
2020-04-11 11:36:22, 	Bitfinex    , 	Bittrex     , 	IOST/BTC, 	4.8e-07, 	48.29296317, 	4.7e-07, 	190157.20372966, 	2.127660%, 	0.450000%, 	1.677660%
2020-04-11 11:36:22, 	Bitfinex    , 	Bittrex     , 	IOST/BTC, 	4.8e-07, 	48.29296317, 	4.7e-07, 	190157.20372966, 	2.127660%, 	0.450000%, 	1.677660%
2020-04-11 11:36:22, 	Bitfinex    , 	Bittrex     , 	IOST/BTC, 	4.8e-07, 	48.29296317, 	4.7e-07, 	190157.20372966, 	2.127660%, 	0.450000%, 	1.677660%
2020-04-11 11:36:37, 	Bitfinex    , 	Bittrex     , 	IOST/BTC, 	4.8e-07, 	48.29296317, 	4.7e-07, 	190157.20372966, 	2.127660%, 	0.450000%, 	1.677660%
2020-04-11 11:36:37, 	Bitfinex    , 	Bittrex     , 	IOST/BTC, 	4.8e-07, 	48.29296317, 	4.7e-07, 	190157.20372966, 	2.127660%, 	0.450000%, 	1.677660%
2020-04-11 11:36:37, 	Bitfinex    , 	Bittrex     , 	IOST/BTC, 	4.8e-07, 	48.29296317, 	4.7e-07, 	190157.20372966, 	2.127660%, 	0.450000%, 	1.677660%
2020-04-11 11:36:52, 	Bitfinex    , 	Bittrex     , 	IOST/BTC, 	4.8e-07, 	48.29296317, 	4.7e-07, 	190157.20372966, 	2.127660%, 	0.450000%, 	1.677660%
2020-04-11 11:36:52, 	Bitfinex    , 	Bittrex     , 	IOST/BTC, 	4.8e-07, 	48.29296317, 	4.7e-07, 	190157.20372966, 	2.127660%, 	0.450000%, 	1.677660%
2020-04-11 11:36:52, 	Bitfinex    , 	Bittrex     , 	IOST/BTC, 	4.8e-07, 	48.29296317, 	4.7e-07, 	190157.20372966, 	2.127660%, 	0.450000%, 	1.677660%
2020-04-11 11:37:57, 	Bitfinex    , 	Bittrex     , 	IOST/BTC, 	4.8e-07, 	48.29296317, 	4.7e-07, 	190157.20372966, 	2.127660%, 	0.450000%, 	1.677660%
2020-04-11 11:37:57, 	Bitfinex    , 	Bittrex     , 	IOST/BTC, 	4.8e-07, 	48.29296317, 	4.7e-07, 	190157.20372966, 	2.127660%, 	0.450000%, 	1.677660%
2020-04-11 11:37:58, 	Bitfinex    , 	Bittrex     , 	IOST/BTC, 	4.8e-07, 	48.29296317, 	4.7e-07, 	190157.20372966, 	2.127660%, 	0.450000%, 	1.677660%
2020-04-11 11:38:12, 	Bitfinex    , 	Bittrex     , 	IOST/BTC, 	4.8e-07, 	48.29296317, 	4.7e-07, 	190157.20372966, 	2.127660%, 	0.450000%, 	1.677660%
2020-04-11 11:38:13, 	Bitfinex    , 	Bittrex     , 	IOST/BTC, 	4.8e-07, 	48.29296317, 	4.7e-07, 	190157.20372966, 	2.127660%, 	0.450000%, 	1.677660%
2020-04-11 11:38:12, 	Bitfinex    , 	Bittrex     , 	IOST/BTC, 	4.8e-07, 	48.29296317, 	4.7e-07, 	190157.20372966, 	2.127660%, 	0.450000%, 	1.677660%
2020-04-11 11:38:27, 	Bitfinex    , 	Bittrex     , 	IOST/BTC, 	4.8e-07, 	48.29296317, 	4.7e-07, 	190157.20372966, 	2.127660%, 	0.450000%, 	1.677660%
2020-04-11 11:38:27, 	Bitfinex    , 	Bittrex     , 	IOST/BTC, 	4.8e-07, 	48.29296317, 	4.7e-07, 	190157.20372966, 	2.127660%, 	0.450000%, 	1.677660%
2020-04-11 11:38:28, 	Bitfinex    , 	Bittrex     , 	IOST/BTC, 	4.8e-07, 	48.29296317, 	4.7e-07, 	190157.20372966, 	2.127660%, 	0.450000%, 	1.677660%
2020-04-11 11:38:42, 	Bitfinex    , 	Bittrex     , 	IOST/BTC, 	4.8e-07, 	48.29296317, 	4.7e-07, 	190157.20372966, 	2.127660%, 	0.450000%, 	1.677660%
2020-04-11 11:38:42, 	Bitfinex    , 	Bittrex     , 	IOST/BTC, 	4.8e-07, 	48.29296317, 	4.7e-07, 	190157.20372966, 	2.127660%, 	0.450000%, 	1.677660%
2020-04-11 11:38:43, 	Bitfinex    , 	Bittrex     , 	IOST/BTC, 	4.8e-07, 	48.29296317, 	4.7e-07, 	190157.20372966, 	2.127660%, 	0.450000%, 	1.677660%
2020-04-11 11:38:57, 	Bitfinex    , 	Bittrex     , 	IOST/BTC, 	4.8e-07, 	48.29296317, 	4.7e-07, 	190157.20372966, 	2.127660%, 	0.450000%, 	1.677660%
2020-04-11 11:38:57, 	Bitfinex    , 	Bittrex     , 	IOST/BTC, 	4.8e-07, 	48.29296317, 	4.7e-07, 	190157.20372966, 	2.127660%, 	0.450000%, 	1.677660%
2020-04-11 11:38:58, 	Bitfinex    , 	Bittrex     , 	IOST/BTC, 	4.8e-07, 	48.29296317, 	4.7e-07, 	190157.20372966, 	2.127660%, 	0.450000%, 	1.677660%
2020-04-11 11:40:05, 	Bitfinex    , 	Bittrex     , 	IOST/BTC, 	4.8e-07, 	48.29296317, 	4.7e-07, 	174232.84976158, 	2.127660%, 	0.450000%, 	1.677660%
2020-04-11 11:40:05, 	Bitfinex    , 	Bittrex     , 	IOST/BTC, 	4.8e-07, 	48.29296317, 	4.7e-07, 	174232.84976158, 	2.127660%, 	0.450000%, 	1.677660%
2020-04-11 11:40:05, 	Bitfinex    , 	Bittrex     , 	IOST/BTC, 	4.8e-07, 	48.29296317, 	4.7e-07, 	174232.84976158, 	2.127660%, 	0.450000%, 	1.677660%
2020-04-11 11:40:20, 	Bitfinex    , 	Bittrex     , 	IOST/BTC, 	4.8e-07, 	48.29296317, 	4.7e-07, 	174232.84976158, 	2.127660%, 	0.450000%, 	1.677660%
2020-04-11 11:40:20, 	Bitfinex    , 	Bittrex     , 	IOST/BTC, 	4.8e-07, 	48.29296317, 	4.7e-07, 	174232.84976158, 	2.127660%, 	0.450000%, 	1.677660%
2020-04-11 11:40:20, 	Bitfinex    , 	Bittrex     , 	IOST/BTC, 	4.8e-07, 	48.29296317, 	4.7e-07, 	174232.84976158, 	2.127660%, 	0.450000%, 	1.677660%
2020-04-11 11:40:35, 	Bitfinex    , 	Bittrex     , 	IOST/BTC, 	4.8e-07, 	48.29296317, 	4.7e-07, 	174232.84976158, 	2.127660%, 	0.450000%, 	1.677660%
2020-04-11 11:40:35, 	Bitfinex    , 	Bittrex     , 	IOST/BTC, 	4.8e-07, 	48.29296317, 	4.7e-07, 	174232.84976158, 	2.127660%, 	0.450000%, 	1.677660%
2020-04-11 11:40:35, 	Bitfinex    , 	Bittrex     , 	IOST/BTC, 	4.8e-07, 	48.29296317, 	4.7e-07, 	174232.84976158, 	2.127660%, 	0.450000%, 	1.677660%
2020-04-11 11:40:50, 	Bitfinex    , 	Bittrex     , 	IOST/BTC, 	4.8e-07, 	48.29296317, 	4.7e-07, 	174232.84976158, 	2.127660%, 	0.450000%, 	1.677660%
2020-04-11 11:40:50, 	Bitfinex    , 	Bittrex     , 	IOST/BTC, 	4.8e-07, 	48.29296317, 	4.7e-07, 	174232.84976158, 	2.127660%, 	0.450000%, 	1.677660%
2020-04-11 11:40:50, 	Bitfinex    , 	Bittrex     , 	IOST/BTC, 	4.8e-07, 	48.29296317, 	4.7e-07, 	174232.84976158, 	2.127660%, 	0.450000%, 	1.677660%
2020-04-11 11:41:58, 	Bitfinex    , 	Bittrex     , 	IOST/BTC, 	4.8e-07, 	48.29296317, 	4.7e-07, 	174232.84976158, 	2.127660%, 	0.450000%, 	1.677660%
2020-04-11 11:41:58, 	Bitfinex    , 	Bittrex     , 	IOST/BTC, 	4.8e-07, 	48.29296317, 	4.7e-07, 	174232.84976158, 	2.127660%, 	0.450000%, 	1.677660%
2020-04-11 11:41:58, 	Bitfinex    , 	Bittrex     , 	IOST/BTC, 	4.8e-07, 	48.29296317, 	4.7e-07, 	174232.84976158, 	2.127660%, 	0.450000%, 	1.677660%
2020-04-11 11:42:13, 	Bitfinex    , 	Bittrex     , 	IOST/BTC, 	4.8e-07, 	48.29296317, 	4.7e-07, 	174232.84976158, 	2.127660%, 	0.450000%, 	1.677660%
2020-04-11 11:42:13, 	Bitfinex    , 	Bittrex     , 	IOST/BTC, 	4.8e-07, 	48.29296317, 	4.7e-07, 	174232.84976158, 	2.127660%, 	0.450000%, 	1.677660%
2020-04-11 11:42:13, 	Bitfinex    , 	Bittrex     , 	IOST/BTC, 	4.8e-07, 	48.29296317, 	4.7e-07, 	174232.84976158, 	2.127660%, 	0.450000%, 	1.677660%
2020-04-11 11:42:28, 	Bitfinex    , 	Bittrex     , 	IOST/BTC, 	4.8e-07, 	48.29296317, 	4.7e-07, 	174232.84976158, 	2.127660%, 	0.450000%, 	1.677660%
2020-04-11 11:42:28, 	Bitfinex    , 	Bittrex     , 	IOST/BTC, 	4.8e-07, 	48.29296317, 	4.7e-07, 	174232.84976158, 	2.127660%, 	0.450000%, 	1.677660%
2020-04-11 11:42:28, 	Bitfinex    , 	Bittrex     , 	IOST/BTC, 	4.8e-07, 	48.29296317, 	4.7e-07, 	174232.84976158, 	2.127660%, 	0.450000%, 	1.677660%
2020-04-11 11:42:43, 	Bitfinex    , 	Bittrex     , 	IOST/BTC, 	4.8e-07, 	48.29296317, 	4.7e-07, 	174232.84976158, 	2.127660%, 	0.450000%, 	1.677660%
2020-04-11 11:42:43, 	Bitfinex    , 	Bittrex     , 	IOST/BTC, 	4.8e-07, 	48.29296317, 	4.7e-07, 	174232.84976158, 	2.127660%, 	0.450000%, 	1.677660%
2020-04-11 11:42:43, 	Bitfinex    , 	Bittrex     , 	IOST/BTC, 	4.8e-07, 	48.29296317, 	4.7e-07, 	174232.84976158, 	2.127660%, 	0.450000%, 	1.677660%
2020-04-11 11:42:58, 	Bitfinex    , 	Bittrex     , 	IOST/BTC, 	4.8e-07, 	48.29296317, 	4.7e-07, 	174232.84976158, 	2.127660%, 	0.450000%, 	1.677660%
2020-04-11 11:42:58, 	Bitfinex    , 	Bittrex     , 	IOST/BTC, 	4.8e-07, 	48.29296317, 	4.7e-07, 	174232.84976158, 	2.127660%, 	0.450000%, 	1.677660%
2020-04-11 11:42:58, 	Bitfinex    , 	Bittrex     , 	IOST/BTC, 	4.8e-07, 	48.29296317, 	4.7e-07, 	174232.84976158, 	2.127660%, 	0.450000%, 	1.677660%
2020-04-11 11:44:06, 	Bitfinex    , 	Bittrex     , 	IOST/BTC, 	4.8e-07, 	48.29296317, 	4.7e-07, 	174232.84976158, 	2.127660%, 	0.450000%, 	1.677660%
2020-04-11 11:44:06, 	Bitfinex    , 	Bittrex     , 	IOST/BTC, 	4.8e-07, 	48.29296317, 	4.7e-07, 	174232.84976158, 	2.127660%, 	0.450000%, 	1.677660%
2020-04-11 11:44:06, 	Bitfinex    , 	Bittrex     , 	IOST/BTC, 	4.8e-07, 	48.29296317, 	4.7e-07, 	174232.84976158, 	2.127660%, 	0.450000%, 	1.677660%
2020-04-11 11:44:21, 	Bitfinex    , 	Bittrex     , 	IOST/BTC, 	4.8e-07, 	48.29296317, 	4.7e-07, 	174232.84976158, 	2.127660%, 	0.450000%, 	1.677660%
2020-04-11 11:44:21, 	Bitfinex    , 	Bittrex     , 	IOST/BTC, 	4.8e-07, 	48.29296317, 	4.7e-07, 	174232.84976158, 	2.127660%, 	0.450000%, 	1.677660%
2020-04-11 11:44:21, 	Bitfinex    , 	Bittrex     , 	IOST/BTC, 	4.8e-07, 	48.29296317, 	4.7e-07, 	174232.84976158, 	2.127660%, 	0.450000%, 	1.677660%
2020-04-11 11:44:36, 	Bitfinex    , 	Bittrex     , 	IOST/BTC, 	4.8e-07, 	48.29296317, 	4.7e-07, 	174232.84976158, 	2.127660%, 	0.450000%, 	1.677660%
2020-04-11 11:44:36, 	Bitfinex    , 	Bittrex     , 	IOST/BTC, 	4.8e-07, 	48.29296317, 	4.7e-07, 	174232.84976158, 	2.127660%, 	0.450000%, 	1.677660%
2020-04-11 11:44:36, 	Bitfinex    , 	Bittrex     , 	IOST/BTC, 	4.8e-07, 	48.29296317, 	4.7e-07, 	174232.84976158, 	2.127660%, 	0.450000%, 	1.677660%
2020-04-11 11:44:51, 	Bitfinex    , 	Bittrex     , 	IOST/BTC, 	4.8e-07, 	48.29296317, 	4.7e-07, 	174232.84976158, 	2.127660%, 	0.450000%, 	1.677660%
2020-04-11 11:44:51, 	Bitfinex    , 	Bittrex     , 	IOST/BTC, 	4.8e-07, 	48.29296317, 	4.7e-07, 	174232.84976158, 	2.127660%, 	0.450000%, 	1.677660%
2020-04-11 11:44:51, 	Bitfinex    , 	Bittrex     , 	IOST/BTC, 	4.8e-07, 	48.29296317, 	4.7e-07, 	174232.84976158, 	2.127660%, 	0.450000%, 	1.677660%
2020-04-11 11:45:58, 	Bitfinex    , 	Bittrex     , 	IOST/BTC, 	4.8e-07, 	48.29296317, 	4.7e-07, 	190245.20196533, 	2.127660%, 	0.450000%, 	1.677660%
2020-04-11 11:45:58, 	Bitfinex    , 	Bittrex     , 	IOST/BTC, 	4.8e-07, 	48.29296317, 	4.7e-07, 	190245.20196533, 	2.127660%, 	0.450000%, 	1.677660%
2020-04-11 11:45:58, 	Bitfinex    , 	Bittrex     , 	IOST/BTC, 	4.8e-07, 	48.29296317, 	4.7e-07, 	190245.20196533, 	2.127660%, 	0.450000%, 	1.677660%
2020-04-11 11:46:13, 	Bitfinex    , 	Bittrex     , 	IOST/BTC, 	4.8e-07, 	48.29296317, 	4.7e-07, 	190245.20196533, 	2.127660%, 	0.450000%, 	1.677660%
2020-04-11 11:46:13, 	Bitfinex    , 	Bittrex     , 	IOST/BTC, 	4.8e-07, 	48.29296317, 	4.7e-07, 	190245.20196533, 	2.127660%, 	0.450000%, 	1.677660%
2020-04-11 11:46:13, 	Bitfinex    , 	Bittrex     , 	IOST/BTC, 	4.8e-07, 	48.29296317, 	4.7e-07, 	190245.20196533, 	2.127660%, 	0.450000%, 	1.677660%
2020-04-11 11:46:28, 	Bitfinex    , 	Bittrex     , 	IOST/BTC, 	4.8e-07, 	48.29296317, 	4.7e-07, 	190245.20196533, 	2.127660%, 	0.450000%, 	1.677660%
2020-04-11 11:46:28, 	Bitfinex    , 	Bittrex     , 	IOST/BTC, 	4.8e-07, 	48.29296317, 	4.7e-07, 	190245.20196533, 	2.127660%, 	0.450000%, 	1.677660%
2020-04-11 11:46:28, 	Bitfinex    , 	Bittrex     , 	IOST/BTC, 	4.8e-07, 	48.29296317, 	4.7e-07, 	190245.20196533, 	2.127660%, 	0.450000%, 	1.677660%
2020-04-11 11:46:43, 	Bitfinex    , 	Bittrex     , 	IOST/BTC, 	4.8e-07, 	48.29296317, 	4.7e-07, 	190245.20196533, 	2.127660%, 	0.450000%, 	1.677660%
2020-04-11 11:46:43, 	Bitfinex    , 	Bittrex     , 	IOST/BTC, 	4.8e-07, 	48.29296317, 	4.7e-07, 	190245.20196533, 	2.127660%, 	0.450000%, 	1.677660%
2020-04-11 11:46:43, 	Bitfinex    , 	Bittrex     , 	IOST/BTC, 	4.8e-07, 	48.29296317, 	4.7e-07, 	190245.20196533, 	2.127660%, 	0.450000%, 	1.677660%
2020-04-11 11:46:58, 	Bitfinex    , 	Bittrex     , 	IOST/BTC, 	4.8e-07, 	48.29296317, 	4.7e-07, 	190245.20196533, 	2.127660%, 	0.450000%, 	1.677660%
2020-04-11 11:48:03, 	Bitfinex    , 	Bittrex     , 	IOST/BTC, 	4.8e-07, 	48.29296317, 	4.7e-07, 	190245.20196533, 	2.127660%, 	0.450000%, 	1.677660%
2020-04-11 11:48:03, 	Bitfinex    , 	Bittrex     , 	IOST/BTC, 	4.8e-07, 	48.29296317, 	4.7e-07, 	190245.20196533, 	2.127660%, 	0.450000%, 	1.677660%
2020-04-11 11:48:03, 	Bitfinex    , 	Bittrex     , 	IOST/BTC, 	4.8e-07, 	48.29296317, 	4.7e-07, 	190245.20196533, 	2.127660%, 	0.450000%, 	1.677660%
2020-04-11 11:48:18, 	Bitfinex    , 	Bittrex     , 	IOST/BTC, 	4.8e-07, 	48.29296317, 	4.7e-07, 	190245.20196533, 	2.127660%, 	0.450000%, 	1.677660%
2020-04-11 11:48:18, 	Bitfinex    , 	Bittrex     , 	IOST/BTC, 	4.8e-07, 	48.29296317, 	4.7e-07, 	190245.20196533, 	2.127660%, 	0.450000%, 	1.677660%
2020-04-11 11:48:18, 	Bitfinex    , 	Bittrex     , 	IOST/BTC, 	4.8e-07, 	48.29296317, 	4.7e-07, 	190245.20196533, 	2.127660%, 	0.450000%, 	1.677660%
2020-04-11 11:48:33, 	Bitfinex    , 	Bittrex     , 	IOST/BTC, 	4.8e-07, 	48.29296317, 	4.7e-07, 	190245.20196533, 	2.127660%, 	0.450000%, 	1.677660%
2020-04-11 11:48:33, 	Bitfinex    , 	Bittrex     , 	IOST/BTC, 	4.8e-07, 	48.29296317, 	4.7e-07, 	190245.20196533, 	2.127660%, 	0.450000%, 	1.677660%
2020-04-11 11:48:33, 	Bitfinex    , 	Bittrex     , 	IOST/BTC, 	4.8e-07, 	48.29296317, 	4.7e-07, 	190245.20196533, 	2.127660%, 	0.450000%, 	1.677660%
2020-04-11 11:48:48, 	Bitfinex    , 	Bittrex     , 	IOST/BTC, 	4.8e-07, 	48.29296317, 	4.7e-07, 	190245.20196533, 	2.127660%, 	0.450000%, 	1.677660%
2020-04-11 11:48:48, 	Bitfinex    , 	Bittrex     , 	IOST/BTC, 	4.8e-07, 	48.29296317, 	4.7e-07, 	190245.20196533, 	2.127660%, 	0.450000%, 	1.677660%
2020-04-11 11:48:48, 	Bitfinex    , 	Bittrex     , 	IOST/BTC, 	4.8e-07, 	48.29296317, 	4.7e-07, 	190245.20196533, 	2.127660%, 	0.450000%, 	1.677660%
2020-04-11 11:49:53, 	Bitfinex    , 	Bittrex     , 	IOST/BTC, 	4.8e-07, 	48.29296317, 	4.7e-07, 	190245.20196533, 	2.127660%, 	0.450000%, 	1.677660%
2020-04-11 11:49:53, 	Bitfinex    , 	Bittrex     , 	IOST/BTC, 	4.8e-07, 	48.29296317, 	4.7e-07, 	190245.20196533, 	2.127660%, 	0.450000%, 	1.677660%
2020-04-11 11:49:53, 	Bitfinex    , 	Bittrex     , 	IOST/BTC, 	4.8e-07, 	48.29296317, 	4.7e-07, 	190245.20196533, 	2.127660%, 	0.450000%, 	1.677660%
2020-04-11 11:50:08, 	Bitfinex    , 	Bittrex     , 	IOST/BTC, 	4.8e-07, 	48.29296317, 	4.7e-07, 	190245.20196533, 	2.127660%, 	0.450000%, 	1.677660%
2020-04-11 11:50:08, 	Bitfinex    , 	Bittrex     , 	IOST/BTC, 	4.8e-07, 	48.29296317, 	4.7e-07, 	190245.20196533, 	2.127660%, 	0.450000%, 	1.677660%
2020-04-11 11:50:08, 	Bitfinex    , 	Bittrex     , 	IOST/BTC, 	4.8e-07, 	48.29296317, 	4.7e-07, 	190245.20196533, 	2.127660%, 	0.450000%, 	1.677660%
2020-04-11 11:50:23, 	Bitfinex    , 	Bittrex     , 	IOST/BTC, 	4.8e-07, 	48.29296317, 	4.7e-07, 	190245.20196533, 	2.127660%, 	0.450000%, 	1.677660%
2020-04-11 11:50:23, 	Bitfinex    , 	Bittrex     , 	IOST/BTC, 	4.8e-07, 	48.29296317, 	4.7e-07, 	190245.20196533, 	2.127660%, 	0.450000%, 	1.677660%
2020-04-11 11:50:23, 	Bitfinex    , 	Bittrex     , 	IOST/BTC, 	4.8e-07, 	48.29296317, 	4.7e-07, 	190245.20196533, 	2.127660%, 	0.450000%, 	1.677660%
2020-04-11 11:50:38, 	Bitfinex    , 	Bittrex     , 	IOST/BTC, 	4.8e-07, 	48.29296317, 	4.7e-07, 	190245.20196533, 	2.127660%, 	0.450000%, 	1.677660%
2020-04-11 11:50:38, 	Bitfinex    , 	Bittrex     , 	IOST/BTC, 	4.8e-07, 	48.29296317, 	4.7e-07, 	190245.20196533, 	2.127660%, 	0.450000%, 	1.677660%
2020-04-11 11:50:38, 	Bitfinex    , 	Bittrex     , 	IOST/BTC, 	4.8e-07, 	48.29296317, 	4.7e-07, 	190245.20196533, 	2.127660%, 	0.450000%, 	1.677660%
2020-04-11 11:50:53, 	Bitfinex    , 	Bittrex     , 	IOST/BTC, 	4.8e-07, 	48.29296317, 	4.7e-07, 	190245.20196533, 	2.127660%, 	0.450000%, 	1.677660%
2020-04-11 11:50:53, 	Bitfinex    , 	Bittrex     , 	IOST/BTC, 	4.8e-07, 	48.29296317, 	4.7e-07, 	190245.20196533, 	2.127660%, 	0.450000%, 	1.677660%
2020-04-11 11:51:58, 	Bitfinex    , 	Bittrex     , 	IOST/BTC, 	4.8e-07, 	48.29296317, 	4.7e-07, 	190245.20196533, 	2.127660%, 	0.450000%, 	1.677660%
2020-04-11 11:51:58, 	Bitfinex    , 	Bittrex     , 	IOST/BTC, 	4.8e-07, 	48.29296317, 	4.7e-07, 	190245.20196533, 	2.127660%, 	0.450000%, 	1.677660%
2020-04-11 11:51:58, 	Bitfinex    , 	Bittrex     , 	IOST/BTC, 	4.8e-07, 	48.29296317, 	4.7e-07, 	190245.20196533, 	2.127660%, 	0.450000%, 	1.677660%
2020-04-11 11:52:13, 	Bitfinex    , 	Bittrex     , 	IOST/BTC, 	4.8e-07, 	48.29296317, 	4.7e-07, 	190245.20196533, 	2.127660%, 	0.450000%, 	1.677660%
2020-04-11 11:52:13, 	Bitfinex    , 	Bittrex     , 	IOST/BTC, 	4.8e-07, 	48.29296317, 	4.7e-07, 	190245.20196533, 	2.127660%, 	0.450000%, 	1.677660%
2020-04-11 11:52:13, 	Bitfinex    , 	Bittrex     , 	IOST/BTC, 	4.8e-07, 	48.29296317, 	4.7e-07, 	190245.20196533, 	2.127660%, 	0.450000%, 	1.677660%
2020-04-11 11:52:28, 	Bitfinex    , 	Bittrex     , 	IOST/BTC, 	4.8e-07, 	48.29296317, 	4.7e-07, 	190245.20196533, 	2.127660%, 	0.450000%, 	1.677660%
2020-04-11 11:52:28, 	Bitfinex    , 	Bittrex     , 	IOST/BTC, 	4.8e-07, 	48.29296317, 	4.7e-07, 	190245.20196533, 	2.127660%, 	0.450000%, 	1.677660%
2020-04-11 11:52:28, 	Bitfinex    , 	Bittrex     , 	IOST/BTC, 	4.8e-07, 	48.29296317, 	4.7e-07, 	190245.20196533, 	2.127660%, 	0.450000%, 	1.677660%
2020-04-11 11:52:43, 	Bitfinex    , 	Bittrex     , 	IOST/BTC, 	4.8e-07, 	48.29296317, 	4.7e-07, 	190245.20196533, 	2.127660%, 	0.450000%, 	1.677660%
2020-04-11 11:52:43, 	Bitfinex    , 	Bittrex     , 	IOST/BTC, 	4.8e-07, 	48.29296317, 	4.7e-07, 	190245.20196533, 	2.127660%, 	0.450000%, 	1.677660%
2020-04-11 11:52:43, 	Bitfinex    , 	Bittrex     , 	IOST/BTC, 	4.8e-07, 	48.29296317, 	4.7e-07, 	190245.20196533, 	2.127660%, 	0.450000%, 	1.677660%
2020-04-11 11:52:58, 	Bitfinex    , 	Bittrex     , 	IOST/BTC, 	4.8e-07, 	48.29296317, 	4.7e-07, 	190245.20196533, 	2.127660%, 	0.450000%, 	1.677660%
2020-04-11 11:52:58, 	Bitfinex    , 	Bittrex     , 	IOST/BTC, 	4.8e-07, 	48.29296317, 	4.7e-07, 	190245.20196533, 	2.127660%, 	0.450000%, 	1.677660%
2020-04-11 11:52:58, 	Bitfinex    , 	Bittrex     , 	IOST/BTC, 	4.8e-07, 	48.29296317, 	4.7e-07, 	190245.20196533, 	2.127660%, 	0.450000%, 	1.677660%
2020-04-11 11:54:04, 	Bitfinex    , 	Bittrex     , 	IOST/BTC, 	4.8e-07, 	48.29296317, 	4.7e-07, 	190245.20196533, 	2.127660%, 	0.450000%, 	1.677660%
2020-04-11 11:54:04, 	Bitfinex    , 	Bittrex     , 	IOST/BTC, 	4.8e-07, 	48.29296317, 	4.7e-07, 	190245.20196533, 	2.127660%, 	0.450000%, 	1.677660%
2020-04-11 11:54:04, 	Bitfinex    , 	Bittrex     , 	IOST/BTC, 	4.8e-07, 	48.29296317, 	4.7e-07, 	190245.20196533, 	2.127660%, 	0.450000%, 	1.677660%
2020-04-11 11:54:19, 	Bitfinex    , 	Bittrex     , 	IOST/BTC, 	4.8e-07, 	48.29296317, 	4.7e-07, 	190245.20196533, 	2.127660%, 	0.450000%, 	1.677660%
2020-04-11 11:54:19, 	Bitfinex    , 	Bittrex     , 	IOST/BTC, 	4.8e-07, 	48.29296317, 	4.7e-07, 	190245.20196533, 	2.127660%, 	0.450000%, 	1.677660%
2020-04-11 11:54:19, 	Bitfinex    , 	Bittrex     , 	IOST/BTC, 	4.8e-07, 	48.29296317, 	4.7e-07, 	190245.20196533, 	2.127660%, 	0.450000%, 	1.677660%
2020-04-11 11:54:34, 	Bitfinex    , 	Bittrex     , 	IOST/BTC, 	4.8e-07, 	48.29296317, 	4.7e-07, 	190245.20196533, 	2.127660%, 	0.450000%, 	1.677660%
2020-04-11 11:54:34, 	Bitfinex    , 	Bittrex     , 	IOST/BTC, 	4.8e-07, 	48.29296317, 	4.7e-07, 	190245.20196533, 	2.127660%, 	0.450000%, 	1.677660%
2020-04-11 11:54:34, 	Bitfinex    , 	Bittrex     , 	IOST/BTC, 	4.8e-07, 	48.29296317, 	4.7e-07, 	190245.20196533, 	2.127660%, 	0.450000%, 	1.677660%
2020-04-11 11:54:49, 	Bitfinex    , 	Bittrex     , 	IOST/BTC, 	4.8e-07, 	48.29296317, 	4.7e-07, 	190245.20196533, 	2.127660%, 	0.450000%, 	1.677660%
2020-04-11 11:54:49, 	Bitfinex    , 	Bittrex     , 	IOST/BTC, 	4.8e-07, 	48.29296317, 	4.7e-07, 	190245.20196533, 	2.127660%, 	0.450000%, 	1.677660%
2020-04-11 11:54:49, 	Bitfinex    , 	Bittrex     , 	IOST/BTC, 	4.8e-07, 	48.29296317, 	4.7e-07, 	190245.20196533, 	2.127660%, 	0.450000%, 	1.677660%
2020-04-11 11:55:53, 	Bitfinex    , 	Bittrex     , 	IOST/BTC, 	4.8e-07, 	48.29296317, 	4.7e-07, 	190245.20196533, 	2.127660%, 	0.450000%, 	1.677660%
2020-04-11 11:55:53, 	Bitfinex    , 	Bittrex     , 	IOST/BTC, 	4.8e-07, 	48.29296317, 	4.7e-07, 	190245.20196533, 	2.127660%, 	0.450000%, 	1.677660%
2020-04-11 11:55:53, 	Bitfinex    , 	Bittrex     , 	IOST/BTC, 	4.8e-07, 	48.29296317, 	4.7e-07, 	190245.20196533, 	2.127660%, 	0.450000%, 	1.677660%
2020-04-11 11:56:08, 	Bitfinex    , 	Bittrex     , 	IOST/BTC, 	4.8e-07, 	48.29296317, 	4.7e-07, 	190245.20196533, 	2.127660%, 	0.450000%, 	1.677660%
2020-04-11 11:56:08, 	Bitfinex    , 	Bittrex     , 	IOST/BTC, 	4.8e-07, 	48.29296317, 	4.7e-07, 	190245.20196533, 	2.127660%, 	0.450000%, 	1.677660%
2020-04-11 11:56:08, 	Bitfinex    , 	Bittrex     , 	IOST/BTC, 	4.8e-07, 	48.29296317, 	4.7e-07, 	190245.20196533, 	2.127660%, 	0.450000%, 	1.677660%
2020-04-11 11:56:23, 	Bitfinex    , 	Bittrex     , 	IOST/BTC, 	4.8e-07, 	48.29296317, 	4.7e-07, 	190245.20196533, 	2.127660%, 	0.450000%, 	1.677660%
2020-04-11 11:56:23, 	Bitfinex    , 	Bittrex     , 	IOST/BTC, 	4.8e-07, 	48.29296317, 	4.7e-07, 	190245.20196533, 	2.127660%, 	0.450000%, 	1.677660%
2020-04-11 11:56:23, 	Bitfinex    , 	Bittrex     , 	IOST/BTC, 	4.8e-07, 	48.29296317, 	4.7e-07, 	190245.20196533, 	2.127660%, 	0.450000%, 	1.677660%
2020-04-11 11:56:38, 	Bitfinex    , 	Bittrex     , 	IOST/BTC, 	4.8e-07, 	48.29296317, 	4.7e-07, 	190245.20196533, 	2.127660%, 	0.450000%, 	1.677660%
2020-04-11 11:56:38, 	Bitfinex    , 	Bittrex     , 	IOST/BTC, 	4.8e-07, 	48.29296317, 	4.7e-07, 	190245.20196533, 	2.127660%, 	0.450000%, 	1.677660%
2020-04-11 11:56:38, 	Bitfinex    , 	Bittrex     , 	IOST/BTC, 	4.8e-07, 	48.29296317, 	4.7e-07, 	190245.20196533, 	2.127660%, 	0.450000%, 	1.677660%
2020-04-11 11:57:46, 	Bitfinex    , 	Bittrex     , 	IOST/BTC, 	4.8e-07, 	48.29296317, 	4.7e-07, 	190245.20196533, 	2.127660%, 	0.450000%, 	1.677660%
2020-04-11 11:57:46, 	Bitfinex    , 	Bittrex     , 	IOST/BTC, 	4.8e-07, 	48.29296317, 	4.7e-07, 	190245.20196533, 	2.127660%, 	0.450000%, 	1.677660%
2020-04-11 11:57:46, 	Bitfinex    , 	Bittrex     , 	IOST/BTC, 	4.8e-07, 	48.29296317, 	4.7e-07, 	190245.20196533, 	2.127660%, 	0.450000%, 	1.677660%
2020-04-11 13:27:04, 	Bitfinex    , 	Bittrex     , 	IOST/BTC, 	4.8e-07, 	48.29296317, 	4.7e-07, 	171134.50415251, 	2.127660%, 	0.450000%, 	1.677660%
2020-04-11 13:27:19, 	Bitfinex    , 	Bittrex     , 	IOST/BTC, 	4.8e-07, 	48.29296317, 	4.7e-07, 	171134.50415251, 	2.127660%, 	0.450000%, 	1.677660%
2020-04-11 13:27:34, 	Bitfinex    , 	Bittrex     , 	IOST/BTC, 	4.8e-07, 	48.29296317, 	4.7e-07, 	171134.50415251, 	2.127660%, 	0.450000%, 	1.677660%
2020-04-11 13:27:49, 	Bitfinex    , 	Bittrex     , 	IOST/BTC, 	4.8e-07, 	48.29296317, 	4.7e-07, 	171134.50415251, 	2.127660%, 	0.450000%, 	1.677660%
2020-04-11 13:28:54, 	Bitfinex    , 	Bittrex     , 	IOST/BTC, 	4.8e-07, 	48.29296317, 	4.7e-07, 	171134.50415251, 	2.127660%, 	0.450000%, 	1.677660%
2020-04-11 13:29:09, 	Bitfinex    , 	Bittrex     , 	IOST/BTC, 	4.8e-07, 	48.29296317, 	4.7e-07, 	171134.50415251, 	2.127660%, 	0.450000%, 	1.677660%
2020-04-11 13:29:24, 	Bitfinex    , 	Bittrex     , 	IOST/BTC, 	4.8e-07, 	48.29296317, 	4.7e-07, 	171134.50415251, 	2.127660%, 	0.450000%, 	1.677660%
2020-04-11 13:29:39, 	Bitfinex    , 	Bittrex     , 	IOST/BTC, 	4.8e-07, 	48.29296317, 	4.7e-07, 	171134.50415251, 	2.127660%, 	0.450000%, 	1.677660%
2020-04-11 13:30:45, 	Bitfinex    , 	Bittrex     , 	IOST/BTC, 	4.8e-07, 	48.29296317, 	4.7e-07, 	171134.50415251, 	2.127660%, 	0.450000%, 	1.677660%
2020-04-11 13:31:00, 	Bitfinex    , 	Bittrex     , 	IOST/BTC, 	4.8e-07, 	48.29296317, 	4.7e-07, 	171134.50415251, 	2.127660%, 	0.450000%, 	1.677660%
2020-04-11 13:31:15, 	Bitfinex    , 	Bittrex     , 	IOST/BTC, 	4.8e-07, 	48.29296317, 	4.7e-07, 	171134.50415251, 	2.127660%, 	0.450000%, 	1.677660%
2020-04-11 13:31:30, 	Bitfinex    , 	Bittrex     , 	IOST/BTC, 	4.8e-07, 	48.29296317, 	4.7e-07, 	171134.50415251, 	2.127660%, 	0.450000%, 	1.677660%
2020-04-11 13:32:34, 	Bitfinex    , 	Bittrex     , 	IOST/BTC, 	4.8e-07, 	48.29296317, 	4.7e-07, 	171134.50415251, 	2.127660%, 	0.450000%, 	1.677660%
2020-04-11 13:32:49, 	Bitfinex    , 	Bittrex     , 	IOST/BTC, 	4.8e-07, 	48.29296317, 	4.7e-07, 	171134.50415251, 	2.127660%, 	0.450000%, 	1.677660%
2020-04-11 13:33:04, 	Bitfinex    , 	Bittrex     , 	IOST/BTC, 	4.8e-07, 	48.29296317, 	4.7e-07, 	171134.50415251, 	2.127660%, 	0.450000%, 	1.677660%
2020-04-11 13:33:19, 	Bitfinex    , 	Bittrex     , 	IOST/BTC, 	4.8e-07, 	48.29296317, 	4.7e-07, 	171134.50415251, 	2.127660%, 	0.450000%, 	1.677660%
2020-04-11 13:34:26, 	Bitfinex    , 	Bittrex     , 	IOST/BTC, 	4.8e-07, 	48.29296317, 	4.7e-07, 	171134.50415251, 	2.127660%, 	0.450000%, 	1.677660%
2020-04-11 13:34:41, 	Bitfinex    , 	Bittrex     , 	IOST/BTC, 	4.8e-07, 	48.29296317, 	4.7e-07, 	171134.50415251, 	2.127660%, 	0.450000%, 	1.677660%
2020-04-11 13:34:56, 	Bitfinex    , 	Bittrex     , 	IOST/BTC, 	4.8e-07, 	48.29296317, 	4.7e-07, 	171134.50415251, 	2.127660%, 	0.450000%, 	1.677660%
2020-04-11 13:35:11, 	Bitfinex    , 	Bittrex     , 	IOST/BTC, 	4.8e-07, 	48.29296317, 	4.7e-07, 	171134.50415251, 	2.127660%, 	0.450000%, 	1.677660%
2020-04-11 13:36:17, 	Bitfinex    , 	Bittrex     , 	IOST/BTC, 	4.8e-07, 	48.29296317, 	4.7e-07, 	171134.50415251, 	2.127660%, 	0.450000%, 	1.677660%
2020-04-11 13:36:32, 	Bitfinex    , 	Bittrex     , 	IOST/BTC, 	4.8e-07, 	48.29296317, 	4.7e-07, 	171134.50415251, 	2.127660%, 	0.450000%, 	1.677660%
2020-04-11 13:36:47, 	Bitfinex    , 	Bittrex     , 	IOST/BTC, 	4.8e-07, 	48.29296317, 	4.7e-07, 	171134.50415251, 	2.127660%, 	0.450000%, 	1.677660%
2020-04-11 13:37:02, 	Bitfinex    , 	Bittrex     , 	IOST/BTC, 	4.8e-07, 	48.29296317, 	4.7e-07, 	171134.50415251, 	2.127660%, 	0.450000%, 	1.677660%
2020-04-11 13:38:07, 	Bitfinex    , 	Bittrex     , 	IOST/BTC, 	4.8e-07, 	48.29296317, 	4.7e-07, 	171134.50415251, 	2.127660%, 	0.450000%, 	1.677660%
2020-04-11 13:38:22, 	Bitfinex    , 	Bittrex     , 	IOST/BTC, 	4.8e-07, 	48.29296317, 	4.7e-07, 	171134.50415251, 	2.127660%, 	0.450000%, 	1.677660%
2020-04-11 13:38:37, 	Bitfinex    , 	Bittrex     , 	IOST/BTC, 	4.8e-07, 	48.29296317, 	4.7e-07, 	171134.50415251, 	2.127660%, 	0.450000%, 	1.677660%
2020-04-11 13:39:45, 	Bitfinex    , 	Bittrex     , 	IOST/BTC, 	4.8e-07, 	48.29296317, 	4.7e-07, 	171134.50415251, 	2.127660%, 	0.450000%, 	1.677660%
2020-04-11 13:40:00, 	Bitfinex    , 	Bittrex     , 	IOST/BTC, 	4.8e-07, 	48.29296317, 	4.7e-07, 	171134.50415251, 	2.127660%, 	0.450000%, 	1.677660%
2020-04-11 13:40:15, 	Bitfinex    , 	Bittrex     , 	IOST/BTC, 	4.8e-07, 	48.29296317, 	4.7e-07, 	171134.50415251, 	2.127660%, 	0.450000%, 	1.677660%
2020-04-11 13:40:30, 	Bitfinex    , 	Bittrex     , 	IOST/BTC, 	4.8e-07, 	48.29296317, 	4.7e-07, 	171134.50415251, 	2.127660%, 	0.450000%, 	1.677660%
2020-04-11 13:41:35, 	Bitfinex    , 	Bittrex     , 	IOST/BTC, 	4.8e-07, 	48.29296317, 	4.7e-07, 	171134.50415251, 	2.127660%, 	0.450000%, 	1.677660%
2020-04-11 13:41:50, 	Bitfinex    , 	Bittrex     , 	IOST/BTC, 	4.8e-07, 	48.29296317, 	4.7e-07, 	171134.50415251, 	2.127660%, 	0.450000%, 	1.677660%
2020-04-11 13:42:05, 	Bitfinex    , 	Bittrex     , 	IOST/BTC, 	4.8e-07, 	48.29296317, 	4.7e-07, 	171134.50415251, 	2.127660%, 	0.450000%, 	1.677660%
2020-04-11 13:42:20, 	Bitfinex    , 	Bittrex     , 	IOST/BTC, 	4.8e-07, 	48.29296317, 	4.7e-07, 	171134.50415251, 	2.127660%, 	0.450000%, 	1.677660%
2020-04-11 13:43:28, 	Bitfinex    , 	Bittrex     , 	IOST/BTC, 	4.8e-07, 	48.29296317, 	4.7e-07, 	171134.50415251, 	2.127660%, 	0.450000%, 	1.677660%
2020-04-11 13:43:43, 	Bitfinex    , 	Bittrex     , 	IOST/BTC, 	4.8e-07, 	48.29296317, 	4.7e-07, 	171134.50415251, 	2.127660%, 	0.450000%, 	1.677660%
2020-04-11 13:43:58, 	Bitfinex    , 	Bittrex     , 	IOST/BTC, 	4.8e-07, 	48.29296317, 	4.7e-07, 	171134.50415251, 	2.127660%, 	0.450000%, 	1.677660%
2020-04-11 13:44:13, 	Bitfinex    , 	Bittrex     , 	IOST/BTC, 	4.8e-07, 	48.29296317, 	4.7e-07, 	171134.50415251, 	2.127660%, 	0.450000%, 	1.677660%
2020-04-11 13:45:20, 	Bitfinex    , 	Bittrex     , 	IOST/BTC, 	4.8e-07, 	48.29296317, 	4.7e-07, 	171134.50415251, 	2.127660%, 	0.450000%, 	1.677660%
2020-04-11 13:45:35, 	Bitfinex    , 	Bittrex     , 	IOST/BTC, 	4.8e-07, 	48.29296317, 	4.7e-07, 	171134.50415251, 	2.127660%, 	0.450000%, 	1.677660%
2020-04-11 13:45:50, 	Bitfinex    , 	Bittrex     , 	IOST/BTC, 	4.8e-07, 	48.29296317, 	4.7e-07, 	171134.50415251, 	2.127660%, 	0.450000%, 	1.677660%
2020-04-11 13:47:09, 	Bitfinex    , 	Bittrex     , 	IOST/BTC, 	4.8e-07, 	48.29296317, 	4.7e-07, 	171134.50415251, 	2.127660%, 	0.450000%, 	1.677660%
2020-04-11 13:47:24, 	Bitfinex    , 	Bittrex     , 	IOST/BTC, 	4.8e-07, 	48.29296317, 	4.7e-07, 	171134.50415251, 	2.127660%, 	0.450000%, 	1.677660%
2020-04-11 13:47:39, 	Bitfinex    , 	Bittrex     , 	IOST/BTC, 	4.8e-07, 	48.29296317, 	4.7e-07, 	171134.50415251, 	2.127660%, 	0.450000%, 	1.677660%
2020-04-11 13:48:55, 	Bitfinex    , 	Bittrex     , 	IOST/BTC, 	4.8e-07, 	48.29296317, 	4.7e-07, 	171134.50415251, 	2.127660%, 	0.450000%, 	1.677660%
2020-04-11 13:49:10, 	Bitfinex    , 	Bittrex     , 	IOST/BTC, 	4.8e-07, 	48.29296317, 	4.7e-07, 	171134.50415251, 	2.127660%, 	0.450000%, 	1.677660%
2020-04-11 13:49:25, 	Bitfinex    , 	Bittrex     , 	IOST/BTC, 	4.8e-07, 	48.29296317, 	4.7e-07, 	171134.50415251, 	2.127660%, 	0.450000%, 	1.677660%
2020-04-11 13:49:41, 	Bitfinex    , 	Bittrex     , 	IOST/BTC, 	4.8e-07, 	48.29296317, 	4.7e-07, 	171134.50415251, 	2.127660%, 	0.450000%, 	1.677660%
2020-04-11 13:50:46, 	Bitfinex    , 	Bittrex     , 	IOST/BTC, 	4.8e-07, 	48.29296317, 	4.7e-07, 	171134.50415251, 	2.127660%, 	0.450000%, 	1.677660%
2020-04-11 13:51:01, 	Bitfinex    , 	Bittrex     , 	IOST/BTC, 	4.8e-07, 	48.29296317, 	4.7e-07, 	171134.50415251, 	2.127660%, 	0.450000%, 	1.677660%
2020-04-11 13:51:16, 	Bitfinex    , 	Bittrex     , 	IOST/BTC, 	4.8e-07, 	48.29296317, 	4.7e-07, 	171134.50415251, 	2.127660%, 	0.450000%, 	1.677660%
2020-04-11 13:51:31, 	Bitfinex    , 	Bittrex     , 	IOST/BTC, 	4.8e-07, 	48.29296317, 	4.7e-07, 	171134.50415251, 	2.127660%, 	0.450000%, 	1.677660%
2020-04-11 13:52:38, 	Bitfinex    , 	Bittrex     , 	IOST/BTC, 	4.8e-07, 	48.29296317, 	4.7e-07, 	171134.50415251, 	2.127660%, 	0.450000%, 	1.677660%
2020-04-11 13:52:53, 	Bitfinex    , 	Bittrex     , 	IOST/BTC, 	4.8e-07, 	48.29296317, 	4.7e-07, 	171134.50415251, 	2.127660%, 	0.450000%, 	1.677660%
2020-04-11 13:53:08, 	Bitfinex    , 	Bittrex     , 	IOST/BTC, 	4.8e-07, 	48.29296317, 	4.7e-07, 	171134.50415251, 	2.127660%, 	0.450000%, 	1.677660%
2020-04-11 13:53:24, 	Bitfinex    , 	Bittrex     , 	IOST/BTC, 	4.8e-07, 	48.29296317, 	4.7e-07, 	171134.50415251, 	2.127660%, 	0.450000%, 	1.677660%
2020-04-11 13:53:39, 	Bitfinex    , 	Bittrex     , 	IOST/BTC, 	4.8e-07, 	48.29296317, 	4.7e-07, 	171134.50415251, 	2.127660%, 	0.450000%, 	1.677660%
2020-04-11 13:54:44, 	Bitfinex    , 	Bittrex     , 	IOST/BTC, 	4.8e-07, 	48.29296317, 	4.7e-07, 	171134.50415251, 	2.127660%, 	0.450000%, 	1.677660%
2020-04-11 13:54:59, 	Bitfinex    , 	Bittrex     , 	IOST/BTC, 	4.8e-07, 	48.29296317, 	4.7e-07, 	171134.50415251, 	2.127660%, 	0.450000%, 	1.677660%
2020-04-11 13:55:14, 	Bitfinex    , 	Bittrex     , 	IOST/BTC, 	4.8e-07, 	48.29296317, 	4.7e-07, 	171134.50415251, 	2.127660%, 	0.450000%, 	1.677660%
2020-04-11 13:55:29, 	Bitfinex    , 	Bittrex     , 	IOST/BTC, 	4.8e-07, 	48.29296317, 	4.7e-07, 	171134.50415251, 	2.127660%, 	0.450000%, 	1.677660%
2020-04-11 13:56:34, 	Bitfinex    , 	Bittrex     , 	IOST/BTC, 	4.8e-07, 	48.29296317, 	4.7e-07, 	171134.50415251, 	2.127660%, 	0.450000%, 	1.677660%
2020-04-11 13:56:49, 	Bitfinex    , 	Bittrex     , 	IOST/BTC, 	4.8e-07, 	48.29296317, 	4.7e-07, 	171134.50415251, 	2.127660%, 	0.450000%, 	1.677660%
2020-04-11 13:57:04, 	Bitfinex    , 	Bittrex     , 	IOST/BTC, 	4.8e-07, 	48.29296317, 	4.7e-07, 	171134.50415251, 	2.127660%, 	0.450000%, 	1.677660%
2020-04-11 13:57:19, 	Bitfinex    , 	Bittrex     , 	IOST/BTC, 	4.8e-07, 	48.29296317, 	4.7e-07, 	171134.50415251, 	2.127660%, 	0.450000%, 	1.677660%
2020-04-11 13:58:24, 	Bitfinex    , 	Bittrex     , 	IOST/BTC, 	4.8e-07, 	48.29296317, 	4.7e-07, 	171134.50415251, 	2.127660%, 	0.450000%, 	1.677660%
2020-04-11 13:58:39, 	Bitfinex    , 	Bittrex     , 	IOST/BTC, 	4.8e-07, 	48.29296317, 	4.7e-07, 	171134.50415251, 	2.127660%, 	0.450000%, 	1.677660%
2020-04-11 13:58:54, 	Bitfinex    , 	Bittrex     , 	IOST/BTC, 	4.8e-07, 	48.29296317, 	4.7e-07, 	171134.50415251, 	2.127660%, 	0.450000%, 	1.677660%
2020-04-11 13:59:09, 	Bitfinex    , 	Bittrex     , 	IOST/BTC, 	4.8e-07, 	48.29296317, 	4.7e-07, 	171134.50415251, 	2.127660%, 	0.450000%, 	1.677660%
2020-04-11 14:00:15, 	Bitfinex    , 	Bittrex     , 	IOST/BTC, 	4.8e-07, 	48.29296317, 	4.7e-07, 	171134.50415251, 	2.127660%, 	0.450000%, 	1.677660%
2020-04-11 14:00:30, 	Bitfinex    , 	Bittrex     , 	IOST/BTC, 	4.8e-07, 	48.29296317, 	4.7e-07, 	171134.50415251, 	2.127660%, 	0.450000%, 	1.677660%
2020-04-11 14:00:45, 	Bitfinex    , 	Bittrex     , 	IOST/BTC, 	4.8e-07, 	48.29296317, 	4.7e-07, 	171134.50415251, 	2.127660%, 	0.450000%, 	1.677660%
2020-04-11 14:02:04, 	Bitfinex    , 	Bittrex     , 	IOST/BTC, 	4.8e-07, 	48.29296317, 	4.7e-07, 	171134.50415251, 	2.127660%, 	0.450000%, 	1.677660%
2020-04-11 14:02:19, 	Bitfinex    , 	Bittrex     , 	IOST/BTC, 	4.8e-07, 	48.29296317, 	4.7e-07, 	171134.50415251, 	2.127660%, 	0.450000%, 	1.677660%
2020-04-11 14:02:34, 	Bitfinex    , 	Bittrex     , 	IOST/BTC, 	4.8e-07, 	48.29296317, 	4.7e-07, 	171134.50415251, 	2.127660%, 	0.450000%, 	1.677660%
2020-04-11 14:03:40, 	Bitfinex    , 	Bittrex     , 	IOST/BTC, 	4.8e-07, 	48.29296317, 	4.7e-07, 	171134.50415251, 	2.127660%, 	0.450000%, 	1.677660%
2020-04-11 14:03:55, 	Bitfinex    , 	Bittrex     , 	IOST/BTC, 	4.8e-07, 	48.29296317, 	4.7e-07, 	171134.50415251, 	2.127660%, 	0.450000%, 	1.677660%
2020-04-11 14:04:10, 	Bitfinex    , 	Bittrex     , 	IOST/BTC, 	4.8e-07, 	48.29296317, 	4.7e-07, 	171134.50415251, 	2.127660%, 	0.450000%, 	1.677660%
2020-04-11 14:05:30, 	Bitfinex    , 	Bittrex     , 	IOST/BTC, 	4.8e-07, 	48.29296317, 	4.7e-07, 	171134.50415251, 	2.127660%, 	0.450000%, 	1.677660%
2020-04-11 14:05:45, 	Bitfinex    , 	Bittrex     , 	IOST/BTC, 	4.8e-07, 	48.29296317, 	4.7e-07, 	171134.50415251, 	2.127660%, 	0.450000%, 	1.677660%
2020-04-11 14:06:00, 	Bitfinex    , 	Bittrex     , 	IOST/BTC, 	4.8e-07, 	48.29296317, 	4.7e-07, 	171134.50415251, 	2.127660%, 	0.450000%, 	1.677660%
2020-04-11 14:18:22, 	Bitfinex    , 	Bittrex     , 	IOST/BTC, 	4.8e-07, 	48.29296317, 	4.7e-07, 	171134.50415251, 	2.127660%, 	0.450000%, 	1.677660%
2020-04-11 14:18:37, 	Bitfinex    , 	Bittrex     , 	IOST/BTC, 	4.8e-07, 	48.29296317, 	4.7e-07, 	171134.50415251, 	2.127660%, 	0.450000%, 	1.677660%
2020-04-11 14:18:52, 	Bitfinex    , 	Bittrex     , 	IOST/BTC, 	4.8e-07, 	48.29296317, 	4.7e-07, 	171134.50415251, 	2.127660%, 	0.450000%, 	1.677660%
2020-04-11 14:19:07, 	Bitfinex    , 	Bittrex     , 	IOST/BTC, 	4.8e-07, 	48.29296317, 	4.7e-07, 	171134.50415251, 	2.127660%, 	0.450000%, 	1.677660%
2020-04-11 14:19:22, 	Bitfinex    , 	Bittrex     , 	IOST/BTC, 	4.8e-07, 	48.29296317, 	4.7e-07, 	171134.50415251, 	2.127660%, 	0.450000%, 	1.677660%
2020-04-11 14:19:37, 	Bitfinex    , 	Bittrex     , 	IOST/BTC, 	4.8e-07, 	48.29296317, 	4.7e-07, 	171134.50415251, 	2.127660%, 	0.450000%, 	1.677660%
2020-04-11 14:19:52, 	Bitfinex    , 	Bittrex     , 	IOST/BTC, 	4.8e-07, 	48.29296317, 	4.7e-07, 	171134.50415251, 	2.127660%, 	0.450000%, 	1.677660%
2020-04-11 14:20:07, 	Bitfinex    , 	Bittrex     , 	IOST/BTC, 	4.8e-07, 	48.29296317, 	4.7e-07, 	171134.50415251, 	2.127660%, 	0.450000%, 	1.677660%
2020-04-11 14:20:22, 	Bitfinex    , 	Bittrex     , 	IOST/BTC, 	4.8e-07, 	48.29296317, 	4.7e-07, 	171134.50415251, 	2.127660%, 	0.450000%, 	1.677660%
2020-04-11 14:20:37, 	Bitfinex    , 	Bittrex     , 	IOST/BTC, 	4.8e-07, 	48.29296317, 	4.7e-07, 	171134.50415251, 	2.127660%, 	0.450000%, 	1.677660%
2020-04-11 14:20:52, 	Bitfinex    , 	Bittrex     , 	IOST/BTC, 	4.8e-07, 	48.29296317, 	4.7e-07, 	171134.50415251, 	2.127660%, 	0.450000%, 	1.677660%
2020-04-11 14:21:07, 	Bitfinex    , 	Bittrex     , 	IOST/BTC, 	4.8e-07, 	48.29296317, 	4.7e-07, 	171134.50415251, 	2.127660%, 	0.450000%, 	1.677660%
2020-04-11 14:21:22, 	Bitfinex    , 	Bittrex     , 	IOST/BTC, 	4.8e-07, 	48.29296317, 	4.7e-07, 	171134.50415251, 	2.127660%, 	0.450000%, 	1.677660%
2020-04-11 14:21:37, 	Bitfinex    , 	Bittrex     , 	IOST/BTC, 	4.8e-07, 	48.29296317, 	4.7e-07, 	171134.50415251, 	2.127660%, 	0.450000%, 	1.677660%
2020-04-11 14:21:52, 	Bitfinex    , 	Bittrex     , 	IOST/BTC, 	4.8e-07, 	48.29296317, 	4.7e-07, 	171134.50415251, 	2.127660%, 	0.450000%, 	1.677660%
2020-04-11 14:22:07, 	Bitfinex    , 	Bittrex     , 	IOST/BTC, 	4.8e-07, 	48.29296317, 	4.7e-07, 	171134.50415251, 	2.127660%, 	0.450000%, 	1.677660%
2020-04-11 14:22:22, 	Bitfinex    , 	Bittrex     , 	IOST/BTC, 	4.8e-07, 	48.29296317, 	4.7e-07, 	171134.50415251, 	2.127660%, 	0.450000%, 	1.677660%
2020-04-11 14:22:37, 	Bitfinex    , 	Bittrex     , 	IOST/BTC, 	4.8e-07, 	48.29296317, 	4.7e-07, 	171134.50415251, 	2.127660%, 	0.450000%, 	1.677660%
2020-04-11 14:22:52, 	Bitfinex    , 	Bittrex     , 	IOST/BTC, 	4.8e-07, 	48.29296317, 	4.7e-07, 	171134.50415251, 	2.127660%, 	0.450000%, 	1.677660%
2020-04-11 14:23:07, 	Bitfinex    , 	Bittrex     , 	IOST/BTC, 	4.8e-07, 	48.29296317, 	4.7e-07, 	171134.50415251, 	2.127660%, 	0.450000%, 	1.677660%
2020-04-11 14:23:22, 	Bitfinex    , 	Bittrex     , 	IOST/BTC, 	4.8e-07, 	48.29296317, 	4.7e-07, 	171134.50415251, 	2.127660%, 	0.450000%, 	1.677660%
2020-04-11 14:23:37, 	Bitfinex    , 	Bittrex     , 	IOST/BTC, 	4.8e-07, 	48.29296317, 	4.7e-07, 	171134.50415251, 	2.127660%, 	0.450000%, 	1.677660%
2020-04-11 14:23:52, 	Bitfinex    , 	Bittrex     , 	IOST/BTC, 	4.8e-07, 	48.29296317, 	4.7e-07, 	171134.50415251, 	2.127660%, 	0.450000%, 	1.677660%
2020-04-11 14:24:07, 	Bitfinex    , 	Bittrex     , 	IOST/BTC, 	4.8e-07, 	48.29296317, 	4.7e-07, 	171134.50415251, 	2.127660%, 	0.450000%, 	1.677660%
2020-04-11 14:24:22, 	Bitfinex    , 	Bittrex     , 	IOST/BTC, 	4.8e-07, 	48.29296317, 	4.7e-07, 	171134.50415251, 	2.127660%, 	0.450000%, 	1.677660%
2020-04-11 14:24:37, 	Bitfinex    , 	Bittrex     , 	IOST/BTC, 	4.8e-07, 	48.29296317, 	4.7e-07, 	171134.50415251, 	2.127660%, 	0.450000%, 	1.677660%
2020-04-11 14:24:52, 	Bitfinex    , 	Bittrex     , 	IOST/BTC, 	4.8e-07, 	48.29296317, 	4.7e-07, 	171134.50415251, 	2.127660%, 	0.450000%, 	1.677660%
2020-04-11 14:25:07, 	Bitfinex    , 	Bittrex     , 	IOST/BTC, 	4.8e-07, 	48.29296317, 	4.7e-07, 	171134.50415251, 	2.127660%, 	0.450000%, 	1.677660%
2020-04-11 14:25:22, 	Bitfinex    , 	Bittrex     , 	IOST/BTC, 	4.8e-07, 	48.29296317, 	4.7e-07, 	171134.50415251, 	2.127660%, 	0.450000%, 	1.677660%
2020-04-11 14:25:37, 	Bitfinex    , 	Bittrex     , 	IOST/BTC, 	4.8e-07, 	48.29296317, 	4.7e-07, 	171134.50415251, 	2.127660%, 	0.450000%, 	1.677660%
2020-04-11 14:25:52, 	Bitfinex    , 	Bittrex     , 	IOST/BTC, 	4.8e-07, 	48.29296317, 	4.7e-07, 	171134.50415251, 	2.127660%, 	0.450000%, 	1.677660%
2020-04-11 14:26:07, 	Bitfinex    , 	Bittrex     , 	IOST/BTC, 	4.8e-07, 	48.29296317, 	4.7e-07, 	171134.50415251, 	2.127660%, 	0.450000%, 	1.677660%
2020-04-11 14:26:22, 	Bitfinex    , 	Bittrex     , 	IOST/BTC, 	4.8e-07, 	48.29296317, 	4.7e-07, 	171134.50415251, 	2.127660%, 	0.450000%, 	1.677660%
2020-04-11 14:26:37, 	Bitfinex    , 	Bittrex     , 	IOST/BTC, 	4.8e-07, 	48.29296317, 	4.7e-07, 	171134.50415251, 	2.127660%, 	0.450000%, 	1.677660%
2020-04-11 14:26:52, 	Bitfinex    , 	Bittrex     , 	IOST/BTC, 	4.8e-07, 	48.29296317, 	4.7e-07, 	171134.50415251, 	2.127660%, 	0.450000%, 	1.677660%
2020-04-11 14:27:07, 	Bitfinex    , 	Bittrex     , 	IOST/BTC, 	4.8e-07, 	48.29296317, 	4.7e-07, 	171134.50415251, 	2.127660%, 	0.450000%, 	1.677660%
2020-04-11 14:27:22, 	Bitfinex    , 	Bittrex     , 	IOST/BTC, 	4.8e-07, 	48.29296317, 	4.7e-07, 	171134.50415251, 	2.127660%, 	0.450000%, 	1.677660%
2020-04-11 14:27:37, 	Bitfinex    , 	Bittrex     , 	IOST/BTC, 	4.8e-07, 	48.29296317, 	4.7e-07, 	171134.50415251, 	2.127660%, 	0.450000%, 	1.677660%
2020-04-11 14:27:52, 	Bitfinex    , 	Bittrex     , 	IOST/BTC, 	4.8e-07, 	48.29296317, 	4.7e-07, 	171134.50415251, 	2.127660%, 	0.450000%, 	1.677660%
2020-04-11 14:28:07, 	Bitfinex    , 	Bittrex     , 	IOST/BTC, 	4.8e-07, 	48.29296317, 	4.7e-07, 	171134.50415251, 	2.127660%, 	0.450000%, 	1.677660%
2020-04-11 14:28:22, 	Bitfinex    , 	Bittrex     , 	IOST/BTC, 	4.8e-07, 	48.29296317, 	4.7e-07, 	171134.50415251, 	2.127660%, 	0.450000%, 	1.677660%
2020-04-11 14:28:37, 	Bitfinex    , 	Bittrex     , 	IOST/BTC, 	4.8e-07, 	48.29296317, 	4.7e-07, 	171134.50415251, 	2.127660%, 	0.450000%, 	1.677660%
2020-04-11 14:28:52, 	Bitfinex    , 	Bittrex     , 	IOST/BTC, 	4.8e-07, 	48.29296317, 	4.7e-07, 	171134.50415251, 	2.127660%, 	0.450000%, 	1.677660%
2020-04-11 14:29:07, 	Bitfinex    , 	Bittrex     , 	IOST/BTC, 	4.8e-07, 	48.29296317, 	4.7e-07, 	171134.50415251, 	2.127660%, 	0.450000%, 	1.677660%
2020-04-11 14:29:22, 	Bitfinex    , 	Bittrex     , 	IOST/BTC, 	4.8e-07, 	48.29296317, 	4.7e-07, 	171134.50415251, 	2.127660%, 	0.450000%, 	1.677660%
2020-04-11 14:29:37, 	Bitfinex    , 	Bittrex     , 	IOST/BTC, 	4.8e-07, 	48.29296317, 	4.7e-07, 	171134.50415251, 	2.127660%, 	0.450000%, 	1.677660%
2020-04-11 14:29:52, 	Bitfinex    , 	Bittrex     , 	IOST/BTC, 	4.8e-07, 	48.29296317, 	4.7e-07, 	171134.50415251, 	2.127660%, 	0.450000%, 	1.677660%
2020-04-11 14:30:07, 	Bitfinex    , 	Bittrex     , 	IOST/BTC, 	4.8e-07, 	48.29296317, 	4.7e-07, 	171134.50415251, 	2.127660%, 	0.450000%, 	1.677660%
2020-04-11 14:30:22, 	Bitfinex    , 	Bittrex     , 	IOST/BTC, 	4.8e-07, 	48.29296317, 	4.7e-07, 	171134.50415251, 	2.127660%, 	0.450000%, 	1.677660%
2020-04-11 14:30:37, 	Bitfinex    , 	Bittrex     , 	IOST/BTC, 	4.8e-07, 	48.29296317, 	4.7e-07, 	171134.50415251, 	2.127660%, 	0.450000%, 	1.677660%
2020-04-11 14:30:52, 	Bitfinex    , 	Bittrex     , 	IOST/BTC, 	4.8e-07, 	48.29296317, 	4.7e-07, 	171134.50415251, 	2.127660%, 	0.450000%, 	1.677660%
2020-04-11 14:31:07, 	Bitfinex    , 	Bittrex     , 	IOST/BTC, 	4.8e-07, 	48.29296317, 	4.7e-07, 	171134.50415251, 	2.127660%, 	0.450000%, 	1.677660%
2020-04-11 14:31:22, 	Bitfinex    , 	Bittrex     , 	IOST/BTC, 	4.8e-07, 	48.29296317, 	4.7e-07, 	171134.50415251, 	2.127660%, 	0.450000%, 	1.677660%
2020-04-11 14:31:37, 	Bitfinex    , 	Bittrex     , 	IOST/BTC, 	4.8e-07, 	48.29296317, 	4.7e-07, 	171134.50415251, 	2.127660%, 	0.450000%, 	1.677660%
2020-04-11 14:31:52, 	Bitfinex    , 	Bittrex     , 	IOST/BTC, 	4.8e-07, 	48.29296317, 	4.7e-07, 	171134.50415251, 	2.127660%, 	0.450000%, 	1.677660%
2020-04-11 14:32:07, 	Bitfinex    , 	Bittrex     , 	IOST/BTC, 	4.8e-07, 	48.29296317, 	4.7e-07, 	171134.50415251, 	2.127660%, 	0.450000%, 	1.677660%
2020-04-11 14:32:13, 	Bitfinex    , 	Bittrex     , 	IOST/BTC, 	4.8e-07, 	48.29296317, 	4.7e-07, 	171134.50415251, 	2.127660%, 	0.450000%, 	1.677660%
2020-04-11 14:32:22, 	Bitfinex    , 	Bittrex     , 	IOST/BTC, 	4.8e-07, 	48.29296317, 	4.7e-07, 	171134.50415251, 	2.127660%, 	0.450000%, 	1.677660%
2020-04-11 14:32:28, 	Bitfinex    , 	Bittrex     , 	IOST/BTC, 	4.8e-07, 	48.29296317, 	4.7e-07, 	171134.50415251, 	2.127660%, 	0.450000%, 	1.677660%
2020-04-11 14:33:33, 	Bitfinex    , 	Bittrex     , 	IOST/BTC, 	4.8e-07, 	48.29296317, 	4.7e-07, 	171134.50415251, 	2.127660%, 	0.450000%, 	1.677660%
2020-04-11 14:33:33, 	Bitfinex    , 	Bittrex     , 	IOST/BTC, 	4.8e-07, 	48.29296317, 	4.7e-07, 	171134.50415251, 	2.127660%, 	0.450000%, 	1.677660%
2020-04-11 14:33:48, 	Bitfinex    , 	Bittrex     , 	IOST/BTC, 	4.8e-07, 	48.29296317, 	4.7e-07, 	171134.50415251, 	2.127660%, 	0.450000%, 	1.677660%
2020-04-11 14:33:48, 	Bitfinex    , 	Bittrex     , 	IOST/BTC, 	4.8e-07, 	48.29296317, 	4.7e-07, 	171134.50415251, 	2.127660%, 	0.450000%, 	1.677660%
2020-04-11 14:34:03, 	Bitfinex    , 	Bittrex     , 	IOST/BTC, 	4.8e-07, 	48.29296317, 	4.7e-07, 	171134.50415251, 	2.127660%, 	0.450000%, 	1.677660%
2020-04-11 14:34:03, 	Bitfinex    , 	Bittrex     , 	IOST/BTC, 	4.8e-07, 	48.29296317, 	4.7e-07, 	171134.50415251, 	2.127660%, 	0.450000%, 	1.677660%
2020-04-11 14:34:18, 	Bitfinex    , 	Bittrex     , 	IOST/BTC, 	4.8e-07, 	48.29296317, 	4.7e-07, 	171134.50415251, 	2.127660%, 	0.450000%, 	1.677660%
2020-04-11 14:34:18, 	Bitfinex    , 	Bittrex     , 	IOST/BTC, 	4.8e-07, 	48.29296317, 	4.7e-07, 	171134.50415251, 	2.127660%, 	0.450000%, 	1.677660%
2020-04-11 14:34:33, 	Bitfinex    , 	Bittrex     , 	IOST/BTC, 	4.8e-07, 	48.29296317, 	4.7e-07, 	171134.50415251, 	2.127660%, 	0.450000%, 	1.677660%
2020-04-11 14:34:33, 	Bitfinex    , 	Bittrex     , 	IOST/BTC, 	4.8e-07, 	48.29296317, 	4.7e-07, 	171134.50415251, 	2.127660%, 	0.450000%, 	1.677660%
2020-04-11 14:34:48, 	Bitfinex    , 	Bittrex     , 	IOST/BTC, 	4.8e-07, 	48.29296317, 	4.7e-07, 	171134.50415251, 	2.127660%, 	0.450000%, 	1.677660%
2020-04-11 14:34:48, 	Bitfinex    , 	Bittrex     , 	IOST/BTC, 	4.8e-07, 	48.29296317, 	4.7e-07, 	171134.50415251, 	2.127660%, 	0.450000%, 	1.677660%
2020-04-11 14:35:52, 	Bitfinex    , 	Bittrex     , 	IOST/BTC, 	4.8e-07, 	48.29296317, 	4.7e-07, 	171134.50415251, 	2.127660%, 	0.450000%, 	1.677660%
2020-04-11 14:35:52, 	Bitfinex    , 	Bittrex     , 	IOST/BTC, 	4.8e-07, 	48.29296317, 	4.7e-07, 	171134.50415251, 	2.127660%, 	0.450000%, 	1.677660%
2020-04-11 14:36:07, 	Bitfinex    , 	Bittrex     , 	IOST/BTC, 	4.8e-07, 	48.29296317, 	4.7e-07, 	171134.50415251, 	2.127660%, 	0.450000%, 	1.677660%
2020-04-11 14:36:07, 	Bitfinex    , 	Bittrex     , 	IOST/BTC, 	4.8e-07, 	48.29296317, 	4.7e-07, 	171134.50415251, 	2.127660%, 	0.450000%, 	1.677660%
2020-04-11 14:36:22, 	Bitfinex    , 	Bittrex     , 	IOST/BTC, 	4.8e-07, 	48.29296317, 	4.7e-07, 	171134.50415251, 	2.127660%, 	0.450000%, 	1.677660%
2020-04-11 14:36:22, 	Bitfinex    , 	Bittrex     , 	IOST/BTC, 	4.8e-07, 	48.29296317, 	4.7e-07, 	171134.50415251, 	2.127660%, 	0.450000%, 	1.677660%
2020-04-11 14:36:37, 	Bitfinex    , 	Bittrex     , 	IOST/BTC, 	4.8e-07, 	48.29296317, 	4.7e-07, 	171134.50415251, 	2.127660%, 	0.450000%, 	1.677660%
2020-04-11 14:36:37, 	Bitfinex    , 	Bittrex     , 	IOST/BTC, 	4.8e-07, 	48.29296317, 	4.7e-07, 	171134.50415251, 	2.127660%, 	0.450000%, 	1.677660%
2020-04-11 14:36:52, 	Bitfinex    , 	Bittrex     , 	IOST/BTC, 	4.8e-07, 	48.29296317, 	4.7e-07, 	171134.50415251, 	2.127660%, 	0.450000%, 	1.677660%
2020-04-11 14:36:52, 	Bitfinex    , 	Bittrex     , 	IOST/BTC, 	4.8e-07, 	48.29296317, 	4.7e-07, 	171134.50415251, 	2.127660%, 	0.450000%, 	1.677660%
2020-04-11 15:46:51, 	Bitfinex    , 	Bittrex     , 	IOST/BTC, 	4.8e-07, 	48.29296317, 	4.7e-07, 	171134.50415251, 	2.127660%, 	0.450000%, 	1.677660%
2020-04-11 15:47:06, 	Bitfinex    , 	Bittrex     , 	IOST/BTC, 	4.8e-07, 	48.29296317, 	4.7e-07, 	171134.50415251, 	2.127660%, 	0.450000%, 	1.677660%
2020-04-11 15:47:21, 	Bitfinex    , 	Bittrex     , 	IOST/BTC, 	4.8e-07, 	48.29296317, 	4.7e-07, 	171134.50415251, 	2.127660%, 	0.450000%, 	1.677660%
2020-04-11 15:48:35, 	Bitfinex    , 	Bittrex     , 	IOST/BTC, 	4.8e-07, 	48.29296317, 	4.7e-07, 	171134.50415251, 	2.127660%, 	0.450000%, 	1.677660%
2020-04-11 15:48:50, 	Bitfinex    , 	Bittrex     , 	IOST/BTC, 	4.8e-07, 	48.29296317, 	4.7e-07, 	171134.50415251, 	2.127660%, 	0.450000%, 	1.677660%
2020-04-11 15:49:05, 	Bitfinex    , 	Bittrex     , 	IOST/BTC, 	4.8e-07, 	48.29296317, 	4.7e-07, 	171134.50415251, 	2.127660%, 	0.450000%, 	1.677660%
2020-04-11 15:49:20, 	Bitfinex    , 	Bittrex     , 	IOST/BTC, 	4.8e-07, 	48.29296317, 	4.7e-07, 	171134.50415251, 	2.127660%, 	0.450000%, 	1.677660%
2020-04-11 15:50:32, 	Bitfinex    , 	Bittrex     , 	IOST/BTC, 	4.8e-07, 	48.29296317, 	4.7e-07, 	171134.50415251, 	2.127660%, 	0.450000%, 	1.677660%
2020-04-11 15:50:47, 	Bitfinex    , 	Bittrex     , 	IOST/BTC, 	4.8e-07, 	48.29296317, 	4.7e-07, 	171134.50415251, 	2.127660%, 	0.450000%, 	1.677660%
2020-04-11 15:51:02, 	Bitfinex    , 	Bittrex     , 	IOST/BTC, 	4.8e-07, 	48.29296317, 	4.7e-07, 	171134.50415251, 	2.127660%, 	0.450000%, 	1.677660%
2020-04-11 15:52:14, 	Bitfinex    , 	Bittrex     , 	IOST/BTC, 	4.8e-07, 	48.29296317, 	4.7e-07, 	171134.50415251, 	2.127660%, 	0.450000%, 	1.677660%
2020-04-11 15:52:29, 	Bitfinex    , 	Bittrex     , 	IOST/BTC, 	4.8e-07, 	48.29296317, 	4.7e-07, 	171134.50415251, 	2.127660%, 	0.450000%, 	1.677660%
2020-04-11 15:52:44, 	Bitfinex    , 	Bittrex     , 	IOST/BTC, 	4.8e-07, 	48.29296317, 	4.7e-07, 	171134.50415251, 	2.127660%, 	0.450000%, 	1.677660%
