2020-04-07 20:13:49, 	Kraken      , 	Bitfinex    , 	BTC/GBP, 	5987.1, 	0.0451625, 	5958.2, 	0.00068107, 	0.485046%, 	0.460000%, 	0.025046%
2020-04-07 20:14:19, 	Kraken      , 	Bitfinex    , 	BTC/GBP, 	5986.5, 	0.0872, 	5963.1, 	0.32541171, 	0.392413%, 	0.460000%, 	-0.067587%
2020-04-08 11:43:19, 	Kraken      , 	Bitfinex    , 	BTC/GBP, 	5950.0, 	9.06311216, 	5917.8, 	15.96817737, 	0.544121%, 	0.460000%, 	0.084121%
2020-04-08 11:43:34, 	Kraken      , 	Bitfinex    , 	BTC/GBP, 	5950.0, 	0.14484833, 	5917.8, 	20.63366166, 	0.544121%, 	0.460000%, 	0.084121%
2020-04-08 11:43:49, 	Kraken      , 	Bitfinex    , 	BTC/GBP, 	5950.0, 	0.455, 	5910.5, 	8.10958156, 	0.668302%, 	0.460000%, 	0.208302%
2020-04-08 11:44:04, 	Kraken      , 	Bitfinex    , 	BTC/GBP, 	5950.0, 	4.01646388, 	5910.5, 	13.68438156, 	0.668302%, 	0.460000%, 	0.208302%
2020-04-08 11:44:19, 	Kraken      , 	Bitfinex    , 	BTC/GBP, 	5929.8, 	0.44097481, 	5902.1, 	0.24529476, 	0.469324%, 	0.460000%, 	0.009324%
2020-04-08 11:44:34, 	Kraken      , 	Bitfinex    , 	BTC/GBP, 	5929.2, 	0.03157144, 	5902.1, 	15.90716621, 	0.459159%, 	0.460000%, 	-0.000841%
2020-04-08 12:21:51, 	Kraken      , 	Bitfinex    , 	BTC/GBP, 	5917.0, 	0.23443089, 	5877.4, 	0.5, 	0.673767%, 	0.460000%, 	0.213767%
2020-04-08 12:22:06, 	Kraken      , 	Bitfinex    , 	BTC/GBP, 	5906.0, 	0.00706166, 	5877.4, 	17.19695945, 	0.486610%, 	0.460000%, 	0.026610%
2020-04-08 12:22:21, 	Kraken      , 	Bitfinex    , 	BTC/GBP, 	5906.3, 	0.25004672, 	5877.2, 	0.01646178, 	0.495134%, 	0.460000%, 	0.035134%
2020-04-08 12:22:36, 	Kraken      , 	Bitfinex    , 	BTC/GBP, 	5906.8, 	1.9748, 	5878.3, 	0.01705974, 	0.484834%, 	0.460000%, 	0.024834%
2020-04-08 12:22:51, 	Kraken      , 	Bitfinex    , 	BTC/GBP, 	5908.4, 	0.01704266, 	5884.5, 	0.27993944, 	0.406152%, 	0.460000%, 	-0.053848%
2020-04-08 12:43:52, 	Kraken      , 	Bitfinex    , 	BTC/GBP, 	5912.1, 	0.23967549, 	5874.2, 	9.65984919, 	0.645194%, 	0.460000%, 	0.185194%
2020-04-08 12:44:07, 	Kraken      , 	Bitfinex    , 	BTC/GBP, 	5912.7, 	0.67825666, 	5874.2, 	2.04594268, 	0.655408%, 	0.460000%, 	0.195408%
2020-04-08 12:44:22, 	Kraken      , 	Bitfinex    , 	BTC/GBP, 	5913.4, 	3.14219912, 	5874.2, 	0.07519502, 	0.667325%, 	0.460000%, 	0.207325%
2020-04-08 12:44:37, 	Kraken      , 	Bitfinex    , 	BTC/GBP, 	5913.5, 	0.68365666, 	5874.2, 	0.27519502, 	0.669027%, 	0.460000%, 	0.209027%
2020-04-08 12:44:52, 	Kraken      , 	Bitfinex    , 	BTC/GBP, 	5913.5, 	0.83545395, 	5874.2, 	0.23516599, 	0.669027%, 	0.460000%, 	0.209027%
2020-04-08 12:45:07, 	Kraken      , 	Bitfinex    , 	BTC/GBP, 	5913.7, 	16.83401537, 	5874.7, 	3.57449218, 	0.663864%, 	0.460000%, 	0.203864%
2020-04-08 12:45:22, 	Kraken      , 	Bitfinex    , 	BTC/GBP, 	5914.7, 	16.12835937, 	5874.7, 	3.62087233, 	0.680886%, 	0.460000%, 	0.220886%
2020-04-08 12:45:37, 	Kraken      , 	Bitfinex    , 	BTC/GBP, 	5915.2, 	20.35482692, 	5874.7, 	3.36567224, 	0.689397%, 	0.460000%, 	0.229397%
2020-04-08 12:45:52, 	Kraken      , 	Bitfinex    , 	BTC/GBP, 	5915.7, 	20.84464579, 	5874.7, 	2.66790038, 	0.697908%, 	0.460000%, 	0.237908%
2020-04-08 12:46:07, 	Kraken      , 	Bitfinex    , 	BTC/GBP, 	5916.2, 	14.76580357, 	5874.7, 	1.54108131, 	0.706419%, 	0.460000%, 	0.246419%
2020-04-08 12:46:22, 	Kraken      , 	Bitfinex    , 	BTC/GBP, 	5916.3, 	4.10084072, 	5874.7, 	1.26778131, 	0.708121%, 	0.460000%, 	0.248121%
2020-04-08 12:46:37, 	Kraken      , 	Bitfinex    , 	BTC/GBP, 	5916.3, 	10.61051791, 	5877.8, 	0.96438131, 	0.655007%, 	0.460000%, 	0.195007%
2020-04-08 12:46:52, 	Kraken      , 	Bitfinex    , 	BTC/GBP, 	5916.9, 	19.09617101, 	5880.7, 	0.05664504, 	0.615573%, 	0.460000%, 	0.155573%
2020-04-08 12:47:07, 	Kraken      , 	Bitfinex    , 	BTC/GBP, 	5917.3, 	21.09517101, 	5880.7, 	0.04294504, 	0.622375%, 	0.460000%, 	0.162375%
2020-04-08 12:47:22, 	Kraken      , 	Bitfinex    , 	BTC/GBP, 	5917.7, 	0.15719729, 	5885.3, 	0.47614766, 	0.550524%, 	0.460000%, 	0.090524%
2020-04-08 12:47:37, 	Kraken      , 	Bitfinex    , 	BTC/GBP, 	5918.1, 	0.7, 	5884.8, 	0.04280271, 	0.565865%, 	0.460000%, 	0.105865%
2020-04-08 12:47:52, 	Kraken      , 	Bitfinex    , 	BTC/GBP, 	5918.4, 	0.7, 	5883.7, 	0.5, 	0.589765%, 	0.460000%, 	0.129765%
2020-04-08 12:48:07, 	Kraken      , 	Bitfinex    , 	BTC/GBP, 	5918.5, 	0.15719729, 	5885.0, 	1.0, 	0.569244%, 	0.460000%, 	0.109244%
2020-04-08 12:48:22, 	Kraken      , 	Bitfinex    , 	BTC/GBP, 	5918.9, 	0.7, 	5884.9, 	0.09340498, 	0.577750%, 	0.460000%, 	0.117750%
2020-04-08 12:48:37, 	Kraken      , 	Bitfinex    , 	BTC/GBP, 	5919.7, 	0.7, 	5884.8, 	0.45074766, 	0.593053%, 	0.460000%, 	0.133053%
2020-04-08 12:48:52, 	Kraken      , 	Bitfinex    , 	BTC/GBP, 	5919.9, 	4.22581489, 	5884.9, 	0.04560227, 	0.594742%, 	0.460000%, 	0.134742%
2020-04-08 12:49:07, 	Kraken      , 	Bitfinex    , 	BTC/GBP, 	5921.2, 	0.67296819, 	5892.4, 	12.83429998, 	0.488765%, 	0.460000%, 	0.028765%
2020-04-08 12:49:22, 	Kraken      , 	Bitfinex    , 	BTC/GBP, 	5922.0, 	0.706, 	5892.0, 	0.76897802, 	0.509165%, 	0.460000%, 	0.049165%
2020-04-08 12:49:37, 	Kraken      , 	Bitfinex    , 	BTC/GBP, 	5922.4, 	0.63719729, 	5887.8, 	0.07279058, 	0.587656%, 	0.460000%, 	0.127656%
2020-04-08 12:49:52, 	Kraken      , 	Bitfinex    , 	BTC/GBP, 	5922.5, 	3.96035082, 	5891.3, 	0.0054, 	0.529594%, 	0.460000%, 	0.069594%
2020-04-08 12:50:07, 	Kraken      , 	Bitfinex    , 	BTC/GBP, 	5923.0, 	7.68915673, 	5891.2, 	0.07279058, 	0.539788%, 	0.460000%, 	0.079788%
2020-04-08 12:50:22, 	Kraken      , 	Bitfinex    , 	BTC/GBP, 	5923.2, 	10.69835653, 	5890.9, 	0.0054, 	0.548303%, 	0.460000%, 	0.088303%
2020-04-08 12:50:37, 	Kraken      , 	Bitfinex    , 	BTC/GBP, 	5923.2, 	10.72261869, 	5890.1, 	1.06513973, 	0.561960%, 	0.460000%, 	0.101960%
2020-04-08 12:50:52, 	Kraken      , 	Bitfinex    , 	BTC/GBP, 	5923.2, 	13.34113559, 	5887.6, 	1.06303213, 	0.604661%, 	0.460000%, 	0.144661%
2020-04-08 12:51:07, 	Kraken      , 	Bitfinex    , 	BTC/GBP, 	5923.3, 	2.49677289, 	5887.3, 	2.40531641, 	0.611486%, 	0.460000%, 	0.151486%
2020-04-08 12:51:22, 	Kraken      , 	Bitfinex    , 	BTC/GBP, 	5923.3, 	2.49677289, 	5887.3, 	0.10922622, 	0.611486%, 	0.460000%, 	0.151486%
2020-04-08 12:51:37, 	Kraken      , 	Bitfinex    , 	BTC/GBP, 	5922.2, 	10.32251445, 	5885.2, 	1.51, 	0.628696%, 	0.460000%, 	0.168696%
2020-04-08 12:51:52, 	Kraken      , 	Bitfinex    , 	BTC/GBP, 	5922.2, 	10.48035783, 	5884.5, 	1.05248397, 	0.640666%, 	0.460000%, 	0.180666%
2020-04-08 12:52:07, 	Kraken      , 	Bitfinex    , 	BTC/GBP, 	5922.2, 	12.32381257, 	5884.5, 	0.05148397, 	0.640666%, 	0.460000%, 	0.180666%
2020-04-08 12:52:22, 	Kraken      , 	Bitfinex    , 	BTC/GBP, 	5916.4, 	11.49624544, 	5884.5, 	0.07253525, 	0.542102%, 	0.460000%, 	0.082102%
2020-04-08 12:52:37, 	Kraken      , 	Bitfinex    , 	BTC/GBP, 	5916.7, 	10.84811357, 	5884.5, 	0.06753525, 	0.547200%, 	0.460000%, 	0.087200%
2020-04-08 12:52:52, 	Kraken      , 	Bitfinex    , 	BTC/GBP, 	5916.7, 	9.49756568, 	5884.2, 	0.99, 	0.552327%, 	0.460000%, 	0.092327%
2020-04-08 12:53:07, 	Kraken      , 	Bitfinex    , 	BTC/GBP, 	5916.7, 	9.72506755, 	5884.2, 	0.06992953, 	0.552327%, 	0.460000%, 	0.092327%
2020-04-08 12:53:22, 	Kraken      , 	Bitfinex    , 	BTC/GBP, 	5917.1, 	10.34531531, 	5884.2, 	0.09123888, 	0.559124%, 	0.460000%, 	0.099124%
2020-04-08 12:53:37, 	Kraken      , 	Bitfinex    , 	BTC/GBP, 	5917.1, 	9.67506547, 	5884.2, 	0.08623888, 	0.559124%, 	0.460000%, 	0.099124%
2020-04-08 12:53:52, 	Kraken      , 	Bitfinex    , 	BTC/GBP, 	5917.6, 	1.21326115, 	5885.4, 	0.91913689, 	0.547117%, 	0.460000%, 	0.087117%
2020-04-08 12:54:07, 	Kraken      , 	Bitfinex    , 	BTC/GBP, 	5917.7, 	8.05180694, 	5885.4, 	0.04630043, 	0.548816%, 	0.460000%, 	0.088816%
2020-04-08 12:54:22, 	Kraken      , 	Bitfinex    , 	BTC/GBP, 	5917.7, 	8.07930515, 	5885.4, 	0.07170192, 	0.548816%, 	0.460000%, 	0.088816%
2020-04-08 12:54:37, 	Kraken      , 	Bitfinex    , 	BTC/GBP, 	5917.7, 	8.06826147, 	5885.4, 	0.04471422, 	0.548816%, 	0.460000%, 	0.088816%
2020-04-08 12:54:52, 	Kraken      , 	Bitfinex    , 	BTC/GBP, 	5917.7, 	8.85366147, 	5885.4, 	0.04721422, 	0.548816%, 	0.460000%, 	0.088816%
2020-04-08 12:55:07, 	Kraken      , 	Bitfinex    , 	BTC/GBP, 	5917.7, 	0.05, 	5885.4, 	0.0025, 	0.548816%, 	0.460000%, 	0.088816%
2020-04-08 12:55:22, 	Kraken      , 	Bitfinex    , 	BTC/GBP, 	5918.5, 	8.57366147, 	5885.4, 	0.09158639, 	0.562409%, 	0.460000%, 	0.102409%
2020-04-08 12:55:37, 	Kraken      , 	Bitfinex    , 	BTC/GBP, 	5919.1, 	0.01, 	5885.4, 	0.08196139, 	0.572603%, 	0.460000%, 	0.112603%
2020-04-08 12:55:52, 	Kraken      , 	Bitfinex    , 	BTC/GBP, 	5919.4, 	8.06826147, 	5885.4, 	0.08196139, 	0.577701%, 	0.460000%, 	0.117701%
2020-04-08 12:56:07, 	Kraken      , 	Bitfinex    , 	BTC/GBP, 	5919.4, 	7.86826147, 	5885.4, 	0.58112033, 	0.577701%, 	0.460000%, 	0.117701%
2020-04-08 12:56:22, 	Kraken      , 	Bitfinex    , 	BTC/GBP, 	5919.4, 	7.56826147, 	5885.4, 	0.13390379, 	0.577701%, 	0.460000%, 	0.117701%
2020-04-08 12:56:37, 	Kraken      , 	Bitfinex    , 	BTC/GBP, 	5919.6, 	12.39431113, 	5884.6, 	0.79623511, 	0.594773%, 	0.460000%, 	0.134773%
2020-04-08 12:56:52, 	Kraken      , 	Bitfinex    , 	BTC/GBP, 	5919.7, 	13.29311768, 	5884.6, 	0.05610016, 	0.596472%, 	0.460000%, 	0.136472%
2020-04-08 12:57:07, 	Kraken      , 	Bitfinex    , 	BTC/GBP, 	5920.4, 	12.69252965, 	5884.6, 	0.05860016, 	0.608368%, 	0.460000%, 	0.148368%
2020-04-08 12:57:22, 	Kraken      , 	Bitfinex    , 	BTC/GBP, 	5921.9, 	3.23857101, 	5893.3, 	0.09865, 	0.485297%, 	0.460000%, 	0.025297%
2020-04-08 12:57:37, 	Kraken      , 	Bitfinex    , 	BTC/GBP, 	5923.8, 	0.66100284, 	5892.6, 	0.04692001, 	0.529478%, 	0.460000%, 	0.069478%
2020-04-08 12:57:52, 	Kraken      , 	Bitfinex    , 	BTC/GBP, 	5924.9, 	0.4854, 	5891.0, 	9.00119345, 	0.575454%, 	0.460000%, 	0.115454%
2020-04-08 12:58:07, 	Kraken      , 	Bitfinex    , 	BTC/GBP, 	5925.6, 	12.54048821, 	5892.2, 	0.55276379, 	0.566851%, 	0.460000%, 	0.106851%
2020-04-08 12:58:22, 	Kraken      , 	Bitfinex    , 	BTC/GBP, 	5925.9, 	15.9368476, 	5891.7, 	0.05286658, 	0.580478%, 	0.460000%, 	0.120478%
2020-04-08 12:58:37, 	Kraken      , 	Bitfinex    , 	BTC/GBP, 	5927.6, 	0.48, 	5893.3, 	0.09865, 	0.582017%, 	0.460000%, 	0.122017%
2020-04-08 12:58:52, 	Kraken      , 	Bitfinex    , 	BTC/GBP, 	5928.8, 	15.14636327, 	5895.1, 	1.299, 	0.571661%, 	0.460000%, 	0.111661%
2020-04-08 12:59:07, 	Kraken      , 	Bitfinex    , 	BTC/GBP, 	5932.8, 	0.0054, 	5903.2, 	0.83234908, 	0.501423%, 	0.460000%, 	0.041423%
2020-04-08 12:59:22, 	Kraken      , 	Bitfinex    , 	BTC/GBP, 	5934.2, 	7.21089469, 	5900.3, 	0.20871306, 	0.574547%, 	0.460000%, 	0.114547%
2020-04-08 12:59:37, 	Kraken      , 	Bitfinex    , 	BTC/GBP, 	5935.9, 	0.0383501, 	5907.8, 	0.26814257, 	0.475642%, 	0.460000%, 	0.015642%
2020-04-08 12:59:52, 	Kraken      , 	Bitfinex    , 	BTC/GBP, 	5936.6, 	0.2, 	5902.3, 	0.1716499, 	0.581129%, 	0.460000%, 	0.121129%
2020-04-08 13:00:07, 	Kraken      , 	Bitfinex    , 	BTC/GBP, 	5937.0, 	0.43068118, 	5901.2, 	0.24960457, 	0.606656%, 	0.460000%, 	0.146656%
2020-04-08 13:00:22, 	Kraken      , 	Bitfinex    , 	BTC/GBP, 	5937.5, 	0.01983822, 	5902.3, 	1.98214719, 	0.596378%, 	0.460000%, 	0.136378%
2020-04-08 13:00:37, 	Kraken      , 	Bitfinex    , 	BTC/GBP, 	5938.5, 	16.04102676, 	5906.8, 	0.36972233, 	0.536670%, 	0.460000%, 	0.076670%
2020-04-08 13:00:52, 	Kraken      , 	Bitfinex    , 	BTC/GBP, 	5942.2, 	13.71684777, 	5915.3, 	0.18798, 	0.454753%, 	0.460000%, 	-0.005247%
2020-04-08 13:25:05, 	Kraken      , 	Bitfinex    , 	BTC/GBP, 	5906.7, 	2.28394502, 	5873.4, 	0.68215695, 	0.566963%, 	0.460000%, 	0.106963%
2020-04-08 13:25:20, 	Kraken      , 	Bitfinex    , 	BTC/GBP, 	5906.8, 	1.10086867, 	5873.4, 	7.69403162, 	0.568666%, 	0.460000%, 	0.108666%
2020-04-08 13:25:35, 	Kraken      , 	Bitfinex    , 	BTC/GBP, 	5900.8, 	0.0006, 	5872.9, 	18.48865519, 	0.475063%, 	0.460000%, 	0.015063%
2020-04-08 13:25:50, 	Kraken      , 	Bitfinex    , 	BTC/GBP, 	5894.7, 	0.00136824, 	5867.3, 	12.05951097, 	0.466995%, 	0.460000%, 	0.006995%
2020-04-08 13:26:05, 	Kraken      , 	Bitfinex    , 	BTC/GBP, 	5882.6, 	0.47491918, 	5852.7, 	0.145, 	0.510875%, 	0.460000%, 	0.050875%
2020-04-08 13:26:20, 	Kraken      , 	Bitfinex    , 	BTC/GBP, 	5884.3, 	2.0, 	5864.4, 	0.45321614, 	0.339336%, 	0.460000%, 	-0.120664%
2020-04-08 13:34:55, 	Kraken      , 	Bitfinex    , 	BTC/GBP, 	5911.6, 	18.78142943, 	5876.0, 	1.70381762, 	0.605854%, 	0.460000%, 	0.145854%
2020-04-08 13:35:10, 	Kraken      , 	Bitfinex    , 	BTC/GBP, 	5911.9, 	18.54654384, 	5876.0, 	1.70381762, 	0.610960%, 	0.460000%, 	0.150960%
2020-04-08 13:35:25, 	Kraken      , 	Bitfinex    , 	BTC/GBP, 	5903.8, 	0.11999969, 	5872.9, 	0.46619132, 	0.526146%, 	0.460000%, 	0.066146%
2020-04-08 13:35:40, 	Kraken      , 	Bitfinex    , 	BTC/GBP, 	5905.0, 	3.23337884, 	5872.9, 	0.46619132, 	0.546578%, 	0.460000%, 	0.086578%
2020-04-08 13:35:55, 	Kraken      , 	Bitfinex    , 	BTC/GBP, 	5906.5, 	1.71999969, 	5876.0, 	2.02566395, 	0.519061%, 	0.460000%, 	0.059061%
2020-04-08 13:36:10, 	Kraken      , 	Bitfinex    , 	BTC/GBP, 	5907.5, 	0.27338823, 	5874.8, 	0.14055196, 	0.556615%, 	0.460000%, 	0.096615%
2020-04-08 13:36:25, 	Kraken      , 	Bitfinex    , 	BTC/GBP, 	5902.8, 	0.27717925, 	5875.5, 	0.08598141, 	0.464641%, 	0.460000%, 	0.004641%
2020-04-08 13:36:40, 	Kraken      , 	Bitfinex    , 	BTC/GBP, 	5903.7, 	0.0054, 	5878.1, 	0.5, 	0.435515%, 	0.460000%, 	-0.024485%
2020-04-08 14:06:36, 	Kraken      , 	Bitfinex    , 	BTC/GBP, 	5930.3, 	0.1699747, 	5900.6, 	0.25307992, 	0.503339%, 	0.460000%, 	0.043339%
2020-04-08 14:06:51, 	Kraken      , 	Bitfinex    , 	BTC/GBP, 	5930.7, 	1.98, 	5897.9, 	0.23907992, 	0.556130%, 	0.460000%, 	0.096130%
2020-04-08 14:07:06, 	Kraken      , 	Bitfinex    , 	BTC/GBP, 	5931.2, 	0.485, 	5901.2, 	0.83, 	0.508371%, 	0.460000%, 	0.048371%
2020-04-08 14:07:21, 	Kraken      , 	Bitfinex    , 	BTC/GBP, 	5930.2, 	0.28142351, 	5900.6, 	0.0054, 	0.501644%, 	0.460000%, 	0.041644%
2020-04-08 14:07:36, 	Kraken      , 	Bitfinex    , 	BTC/GBP, 	5930.7, 	0.0054, 	5899.3, 	0.23907992, 	0.532267%, 	0.460000%, 	0.072267%
2020-04-08 14:07:51, 	Kraken      , 	Bitfinex    , 	BTC/GBP, 	5930.5, 	0.0054, 	5899.0, 	0.53, 	0.533989%, 	0.460000%, 	0.073989%
2020-04-08 14:08:06, 	Kraken      , 	Bitfinex    , 	BTC/GBP, 	5920.5, 	0.025, 	5897.2, 	8.97288081, 	0.395103%, 	0.460000%, 	-0.064897%
2020-04-08 15:02:59, 	Kraken      , 	Bitfinex    , 	BTC/GBP, 	5879.5, 	0.01712611, 	5844.9, 	0.0054, 	0.591969%, 	0.460000%, 	0.131969%
2020-04-08 15:03:14, 	Kraken      , 	Bitfinex    , 	BTC/GBP, 	5880.3, 	0.45337612, 	5845.8, 	5.05115719, 	0.590167%, 	0.460000%, 	0.130167%
2020-04-08 15:03:29, 	Kraken      , 	Bitfinex    , 	BTC/GBP, 	5880.4, 	0.01712212, 	5845.7, 	2.93411103, 	0.593599%, 	0.460000%, 	0.133599%
2020-04-08 15:03:44, 	Kraken      , 	Bitfinex    , 	BTC/GBP, 	5880.3, 	0.0171193, 	5846.7, 	1.83069139, 	0.574683%, 	0.460000%, 	0.114683%
2020-04-08 15:03:59, 	Kraken      , 	Bitfinex    , 	BTC/GBP, 	5880.6, 	0.0006, 	5845.4, 	6.9091, 	0.602183%, 	0.460000%, 	0.142183%
2020-04-08 15:04:14, 	Kraken      , 	Bitfinex    , 	BTC/GBP, 	5881.1, 	0.02112351, 	5845.0, 	0.695, 	0.617622%, 	0.460000%, 	0.157622%
2020-04-08 15:04:29, 	Kraken      , 	Bitfinex    , 	BTC/GBP, 	5874.4, 	1.66967609, 	5841.8, 	0.694, 	0.558047%, 	0.460000%, 	0.098047%
2020-04-08 15:04:44, 	Kraken      , 	Bitfinex    , 	BTC/GBP, 	5875.0, 	0.004, 	5842.1, 	1.01933037, 	0.563154%, 	0.460000%, 	0.103154%
2020-04-08 15:04:59, 	Kraken      , 	Bitfinex    , 	BTC/GBP, 	5875.7, 	1.21969816, 	5841.8, 	0.694, 	0.580301%, 	0.460000%, 	0.120301%
2020-04-08 15:05:14, 	Kraken      , 	Bitfinex    , 	BTC/GBP, 	5876.7, 	5.77699072, 	5845.8, 	0.295718, 	0.528585%, 	0.460000%, 	0.068585%
2020-04-08 15:05:29, 	Kraken      , 	Bitfinex    , 	BTC/GBP, 	5878.3, 	2.31043692, 	5845.8, 	0.26716692, 	0.555955%, 	0.460000%, 	0.095955%
2020-04-08 15:05:44, 	Kraken      , 	Bitfinex    , 	BTC/GBP, 	5879.5, 	0.34043692, 	5845.8, 	3.49153692, 	0.576482%, 	0.460000%, 	0.116482%
2020-04-08 15:05:59, 	Kraken      , 	Bitfinex    , 	BTC/GBP, 	5878.9, 	0.73841669, 	5842.4, 	8.86544683, 	0.624743%, 	0.460000%, 	0.164743%
2020-04-08 17:38:36, 	Kraken      , 	Bitfinex    , 	BTC/GBP, 	5932.6, 	0.303, 	5902.4, 	8.33559307, 	0.511656%, 	0.460000%, 	0.051656%
2020-04-08 17:38:51, 	Kraken      , 	Bitfinex    , 	BTC/GBP, 	5927.5, 	0.048, 	5902.3, 	0.605, 	0.426952%, 	0.460000%, 	-0.033048%
2020-04-08 17:44:50, 	Kraken      , 	Bitfinex    , 	BTC/GBP, 	5930.6, 	0.011, 	5898.5, 	0.49948721, 	0.544206%, 	0.460000%, 	0.084206%
2020-04-08 17:45:05, 	Kraken      , 	Bitfinex    , 	BTC/GBP, 	5933.0, 	0.011, 	5899.3, 	0.27152889, 	0.571254%, 	0.460000%, 	0.111254%
2020-04-08 17:45:20, 	Kraken      , 	Bitfinex    , 	BTC/GBP, 	5935.2, 	0.011, 	5899.3, 	0.25799208, 	0.608547%, 	0.460000%, 	0.148547%
2020-04-08 17:45:35, 	Kraken      , 	Bitfinex    , 	BTC/GBP, 	5937.3, 	0.011, 	5899.3, 	0.02646319, 	0.644144%, 	0.460000%, 	0.184144%
2020-04-08 17:45:50, 	Kraken      , 	Bitfinex    , 	BTC/GBP, 	5937.8, 	0.318, 	5899.4, 	0.22848237, 	0.650914%, 	0.460000%, 	0.190914%
2020-04-08 17:46:05, 	Kraken      , 	Bitfinex    , 	BTC/GBP, 	5940.0, 	0.011, 	5906.5, 	0.00082309, 	0.567172%, 	0.460000%, 	0.107172%
2020-04-08 17:46:20, 	Kraken      , 	Bitfinex    , 	BTC/GBP, 	5941.4, 	0.303, 	5906.5, 	0.00082309, 	0.590874%, 	0.460000%, 	0.130874%
2020-04-08 17:46:35, 	Kraken      , 	Bitfinex    , 	BTC/GBP, 	5941.7, 	0.303, 	5907.7, 	0.56791968, 	0.575520%, 	0.460000%, 	0.115520%
2020-04-08 17:46:50, 	Kraken      , 	Bitfinex    , 	BTC/GBP, 	5943.9, 	0.34, 	5912.8, 	0.2, 	0.525978%, 	0.460000%, 	0.065978%
2020-04-08 17:47:05, 	Kraken      , 	Bitfinex    , 	BTC/GBP, 	5943.5, 	0.303, 	5913.7, 	0.73758689, 	0.503915%, 	0.460000%, 	0.043915%
2020-04-08 17:47:20, 	Kraken      , 	Bitfinex    , 	BTC/GBP, 	5940.7, 	0.314, 	5907.0, 	3.8054, 	0.570510%, 	0.460000%, 	0.110510%
2020-04-08 17:47:35, 	Kraken      , 	Bitfinex    , 	BTC/GBP, 	5939.8, 	0.011, 	5907.3, 	10.49835717, 	0.550167%, 	0.460000%, 	0.090167%
2020-04-08 17:47:50, 	Kraken      , 	Bitfinex    , 	BTC/GBP, 	5940.1, 	0.011, 	5904.2, 	13.47473568, 	0.608042%, 	0.460000%, 	0.148042%
2020-04-08 17:48:05, 	Kraken      , 	Bitfinex    , 	BTC/GBP, 	5935.3, 	0.011, 	5904.5, 	9.9674294, 	0.521636%, 	0.460000%, 	0.061636%
2020-04-08 17:48:20, 	Kraken      , 	Bitfinex    , 	BTC/GBP, 	5936.2, 	0.011, 	5904.5, 	10.49689513, 	0.536879%, 	0.460000%, 	0.076879%
2020-04-08 17:48:35, 	Kraken      , 	Bitfinex    , 	BTC/GBP, 	5936.2, 	0.011, 	5901.4, 	0.19421867, 	0.589691%, 	0.460000%, 	0.129691%
2020-04-08 17:48:50, 	Kraken      , 	Bitfinex    , 	BTC/GBP, 	5936.8, 	0.011, 	5903.6, 	0.44670533, 	0.562369%, 	0.460000%, 	0.102369%
2020-04-08 17:49:05, 	Kraken      , 	Bitfinex    , 	BTC/GBP, 	5937.3, 	0.011, 	5904.7, 	1.11276577, 	0.552103%, 	0.460000%, 	0.092103%
2020-04-08 17:49:20, 	Kraken      , 	Bitfinex    , 	BTC/GBP, 	5939.1, 	0.011, 	5905.6, 	5.54670533, 	0.567258%, 	0.460000%, 	0.107258%
2020-04-08 17:49:35, 	Kraken      , 	Bitfinex    , 	BTC/GBP, 	5938.0, 	0.026, 	5905.6, 	9.44006848, 	0.548632%, 	0.460000%, 	0.088632%
2020-04-08 17:49:50, 	Kraken      , 	Bitfinex    , 	BTC/GBP, 	5933.1, 	0.9, 	5902.1, 	0.19421867, 	0.525237%, 	0.460000%, 	0.065237%
2020-04-08 17:50:05, 	Kraken      , 	Bitfinex    , 	BTC/GBP, 	5932.5, 	0.021, 	5898.9, 	0.72732181, 	0.569598%, 	0.460000%, 	0.109598%
2020-04-08 17:50:20, 	Kraken      , 	Bitfinex    , 	BTC/GBP, 	5934.5, 	0.005, 	5905.9, 	0.44670533, 	0.484262%, 	0.460000%, 	0.024262%
2020-04-08 17:50:35, 	Kraken      , 	Bitfinex    , 	BTC/GBP, 	5936.0, 	0.005, 	5904.8, 	10.07839995, 	0.528384%, 	0.460000%, 	0.068384%
2020-04-08 17:50:50, 	Kraken      , 	Bitfinex    , 	BTC/GBP, 	5935.4, 	0.005, 	5902.9, 	4.14293196, 	0.550577%, 	0.460000%, 	0.090577%
2020-04-08 17:51:05, 	Kraken      , 	Bitfinex    , 	BTC/GBP, 	5934.8, 	0.005, 	5902.9, 	0.14293196, 	0.540412%, 	0.460000%, 	0.080412%
2020-04-08 17:51:20, 	Kraken      , 	Bitfinex    , 	BTC/GBP, 	5932.8, 	0.296, 	5903.7, 	0.14293196, 	0.492911%, 	0.460000%, 	0.032911%
2020-04-08 17:51:35, 	Kraken      , 	Bitfinex    , 	BTC/GBP, 	5934.6, 	0.021, 	5901.9, 	0.0054, 	0.554059%, 	0.460000%, 	0.094059%
2020-04-08 17:51:50, 	Kraken      , 	Bitfinex    , 	BTC/GBP, 	5935.9, 	0.005, 	5901.9, 	0.0054, 	0.576086%, 	0.460000%, 	0.116086%
2020-04-08 17:52:05, 	Kraken      , 	Bitfinex    , 	BTC/GBP, 	5936.3, 	0.303, 	5902.3, 	0.51471821, 	0.576047%, 	0.460000%, 	0.116047%
2020-04-08 17:52:20, 	Kraken      , 	Bitfinex    , 	BTC/GBP, 	5935.7, 	0.303, 	5902.3, 	8.93926101, 	0.565881%, 	0.460000%, 	0.105881%
2020-04-08 17:52:35, 	Kraken      , 	Bitfinex    , 	BTC/GBP, 	5933.5, 	0.9, 	5901.4, 	0.0054, 	0.543939%, 	0.460000%, 	0.083939%
2020-04-08 17:52:50, 	Kraken      , 	Bitfinex    , 	BTC/GBP, 	5933.3, 	0.394, 	5903.4, 	0.50613497, 	0.506488%, 	0.460000%, 	0.046488%
2020-04-08 17:53:05, 	Kraken      , 	Bitfinex    , 	BTC/GBP, 	5934.1, 	0.303, 	5903.2, 	10.13439677, 	0.523445%, 	0.460000%, 	0.063445%
2020-04-08 17:53:20, 	Kraken      , 	Bitfinex    , 	BTC/GBP, 	5932.3, 	0.9, 	5903.1, 	16.87263733, 	0.494655%, 	0.460000%, 	0.034655%
2020-04-08 17:53:35, 	Kraken      , 	Bitfinex    , 	BTC/GBP, 	5929.4, 	0.362, 	5901.5, 	12.48368446, 	0.472761%, 	0.460000%, 	0.012761%
2020-04-08 17:53:50, 	Kraken      , 	Bitfinex    , 	BTC/GBP, 	5931.0, 	0.303, 	5901.4, 	1.18000001, 	0.501576%, 	0.460000%, 	0.041576%
2020-04-08 17:54:05, 	Kraken      , 	Bitfinex    , 	BTC/GBP, 	5929.9, 	0.303, 	5896.7, 	5.98368445, 	0.563027%, 	0.460000%, 	0.103027%
2020-04-08 17:54:20, 	Kraken      , 	Bitfinex    , 	BTC/GBP, 	5929.5, 	0.303, 	5895.6, 	0.4354, 	0.575005%, 	0.460000%, 	0.115005%
2020-04-08 17:54:35, 	Kraken      , 	Bitfinex    , 	BTC/GBP, 	5930.7, 	0.303, 	5895.0, 	0.6, 	0.605598%, 	0.460000%, 	0.145598%
2020-04-08 17:54:50, 	Kraken      , 	Bitfinex    , 	BTC/GBP, 	5930.7, 	0.313, 	5894.9, 	0.46423753, 	0.607305%, 	0.460000%, 	0.147305%
2020-04-08 17:55:05, 	Kraken      , 	Bitfinex    , 	BTC/GBP, 	5929.7, 	0.303, 	5894.9, 	0.0054, 	0.590341%, 	0.460000%, 	0.130341%
2020-04-08 17:55:20, 	Kraken      , 	Bitfinex    , 	BTC/GBP, 	5929.0, 	0.303, 	5894.0, 	0.46871698, 	0.593824%, 	0.460000%, 	0.133824%
2020-04-08 17:55:35, 	Kraken      , 	Bitfinex    , 	BTC/GBP, 	5930.5, 	0.287, 	5894.9, 	0.46254662, 	0.603912%, 	0.460000%, 	0.143912%
2020-04-08 17:55:50, 	Kraken      , 	Bitfinex    , 	BTC/GBP, 	5929.6, 	0.9, 	5894.0, 	2.97422766, 	0.604004%, 	0.460000%, 	0.144004%
2020-04-08 17:56:05, 	Kraken      , 	Bitfinex    , 	BTC/GBP, 	5925.6, 	0.332, 	5894.0, 	14.20311655, 	0.536138%, 	0.460000%, 	0.076138%
2020-04-08 17:56:20, 	Kraken      , 	Bitfinex    , 	BTC/GBP, 	5926.2, 	0.329, 	5894.0, 	14.71311656, 	0.546318%, 	0.460000%, 	0.086318%
2020-04-08 17:56:35, 	Kraken      , 	Bitfinex    , 	BTC/GBP, 	5918.9, 	0.303, 	5896.1, 	1.15029012, 	0.386696%, 	0.460000%, 	-0.073304%
2020-04-08 18:07:50, 	Kraken      , 	Bitfinex    , 	BTC/GBP, 	5947.8, 	0.303, 	5914.4, 	15.56697812, 	0.564723%, 	0.460000%, 	0.104723%
2020-04-08 18:08:05, 	Kraken      , 	Bitfinex    , 	BTC/GBP, 	5949.7, 	0.303, 	5914.4, 	15.55558219, 	0.596848%, 	0.460000%, 	0.136848%
2020-04-08 18:08:20, 	Kraken      , 	Bitfinex    , 	BTC/GBP, 	5951.5, 	0.696, 	5914.4, 	13.90958219, 	0.627283%, 	0.460000%, 	0.167283%
2020-04-08 18:08:35, 	Kraken      , 	Bitfinex    , 	BTC/GBP, 	5953.2, 	0.303, 	5914.4, 	8.42458219, 	0.656026%, 	0.460000%, 	0.196026%
2020-04-08 18:08:51, 	Kraken      , 	Bitfinex    , 	BTC/GBP, 	5952.7, 	0.303, 	5914.4, 	8.96458219, 	0.647572%, 	0.460000%, 	0.187572%
2020-04-08 18:09:06, 	Kraken      , 	Bitfinex    , 	BTC/GBP, 	5947.8, 	0.303, 	5914.4, 	11.77064977, 	0.564723%, 	0.460000%, 	0.104723%
2020-04-08 18:09:21, 	Kraken      , 	Bitfinex    , 	BTC/GBP, 	5948.2, 	0.375, 	5914.4, 	10.99404913, 	0.571487%, 	0.460000%, 	0.111487%
2020-04-08 18:09:36, 	Kraken      , 	Bitfinex    , 	BTC/GBP, 	5949.8, 	0.696, 	5914.4, 	5.90798155, 	0.598539%, 	0.460000%, 	0.138539%
2020-04-08 18:09:51, 	Kraken      , 	Bitfinex    , 	BTC/GBP, 	5945.5, 	0.303, 	5914.4, 	9.9708304, 	0.525835%, 	0.460000%, 	0.065835%
2020-04-08 18:10:06, 	Kraken      , 	Bitfinex    , 	BTC/GBP, 	5946.4, 	0.303, 	5914.4, 	9.95640787, 	0.541052%, 	0.460000%, 	0.081052%
2020-04-08 18:10:21, 	Kraken      , 	Bitfinex    , 	BTC/GBP, 	5948.2, 	0.357, 	5914.4, 	7.90206241, 	0.571487%, 	0.460000%, 	0.111487%
2020-04-08 18:10:36, 	Kraken      , 	Bitfinex    , 	BTC/GBP, 	5949.5, 	0.9, 	5914.4, 	11.32211041, 	0.593467%, 	0.460000%, 	0.133467%
2020-04-08 18:10:51, 	Kraken      , 	Bitfinex    , 	BTC/GBP, 	5946.0, 	0.605, 	5914.4, 	5.47896283, 	0.534289%, 	0.460000%, 	0.074289%
2020-04-08 18:11:06, 	Kraken      , 	Bitfinex    , 	BTC/GBP, 	5948.1, 	0.396, 	5914.4, 	5.99555478, 	0.569796%, 	0.460000%, 	0.109796%
2020-04-08 18:11:21, 	Kraken      , 	Bitfinex    , 	BTC/GBP, 	5949.5, 	0.315, 	5914.4, 	6.06673532, 	0.593467%, 	0.460000%, 	0.133467%
2020-04-08 18:11:36, 	Kraken      , 	Bitfinex    , 	BTC/GBP, 	5950.6, 	0.303, 	5917.4, 	5.50096283, 	0.561057%, 	0.460000%, 	0.101057%
2020-04-08 18:11:51, 	Kraken      , 	Bitfinex    , 	BTC/GBP, 	5951.3, 	0.303, 	5917.4, 	5.19121847, 	0.572887%, 	0.460000%, 	0.112887%
2020-04-08 18:12:06, 	Kraken      , 	Bitfinex    , 	BTC/GBP, 	5952.4, 	0.39, 	5917.4, 	4.72621847, 	0.591476%, 	0.460000%, 	0.131476%
2020-04-08 18:12:21, 	Kraken      , 	Bitfinex    , 	BTC/GBP, 	5953.8, 	0.361, 	5917.4, 	4.64621847, 	0.615135%, 	0.460000%, 	0.155135%
2020-04-08 18:12:36, 	Kraken      , 	Bitfinex    , 	BTC/GBP, 	5950.8, 	0.303, 	5917.4, 	3.12873847, 	0.564437%, 	0.460000%, 	0.104437%
2020-04-08 18:12:51, 	Kraken      , 	Bitfinex    , 	BTC/GBP, 	5953.0, 	0.303, 	5917.4, 	1.91737847, 	0.601616%, 	0.460000%, 	0.141616%
2020-04-08 18:13:06, 	Kraken      , 	Bitfinex    , 	BTC/GBP, 	5953.5, 	0.303, 	5917.4, 	0.82237847, 	0.610065%, 	0.460000%, 	0.150065%
2020-04-08 18:13:21, 	Kraken      , 	Bitfinex    , 	BTC/GBP, 	5953.5, 	0.303, 	5919.1, 	0.0006, 	0.581169%, 	0.460000%, 	0.121169%
2020-04-08 18:13:36, 	Kraken      , 	Bitfinex    , 	BTC/GBP, 	5955.2, 	0.356, 	5921.5, 	0.0506, 	0.569113%, 	0.460000%, 	0.109113%
2020-04-08 18:13:51, 	Kraken      , 	Bitfinex    , 	BTC/GBP, 	5957.3, 	0.9, 	5927.0, 	1.05585677, 	0.511220%, 	0.460000%, 	0.051220%
2020-04-08 18:14:06, 	Kraken      , 	Bitfinex    , 	BTC/GBP, 	5956.7, 	0.9, 	5923.6, 	3.44505509, 	0.558782%, 	0.460000%, 	0.098782%
2020-04-08 18:14:21, 	Kraken      , 	Bitfinex    , 	BTC/GBP, 	5956.5, 	0.303, 	5923.6, 	1.73240276, 	0.555405%, 	0.460000%, 	0.095405%
2020-04-08 18:14:36, 	Kraken      , 	Bitfinex    , 	BTC/GBP, 	5952.9, 	0.303, 	5923.6, 	0.97774916, 	0.494632%, 	0.460000%, 	0.034632%
2020-04-08 18:14:51, 	Kraken      , 	Bitfinex    , 	BTC/GBP, 	5955.2, 	0.389, 	5928.0, 	0.00212897, 	0.458839%, 	0.460000%, 	-0.001161%
2020-04-08 18:31:19, 	Kraken      , 	Bitfinex    , 	BTC/GBP, 	5931.8, 	0.303, 	5900.5, 	12.72095369, 	0.530464%, 	0.460000%, 	0.070464%
2020-04-08 18:31:34, 	Kraken      , 	Bitfinex    , 	BTC/GBP, 	5933.1, 	0.298, 	5903.5, 	11.8093089, 	0.501397%, 	0.460000%, 	0.041397%
2020-04-08 18:31:49, 	Kraken      , 	Bitfinex    , 	BTC/GBP, 	5930.5, 	0.303, 	5903.5, 	6.26153984, 	0.457356%, 	0.460000%, 	-0.002644%
2020-04-08 18:39:52, 	Kraken      , 	Bitfinex    , 	BTC/GBP, 	5930.5, 	0.303, 	5901.8, 	11.96358365, 	0.486292%, 	0.460000%, 	0.026292%
2020-04-08 18:40:07, 	Kraken      , 	Bitfinex    , 	BTC/GBP, 	5932.0, 	0.9, 	5903.1, 	0.0054, 	0.489573%, 	0.460000%, 	0.029573%
2020-04-08 18:40:22, 	Kraken      , 	Bitfinex    , 	BTC/GBP, 	5933.3, 	0.303, 	5904.5, 	0.36988879, 	0.487764%, 	0.460000%, 	0.027764%
2020-04-08 18:40:37, 	Kraken      , 	Bitfinex    , 	BTC/GBP, 	5935.8, 	0.303, 	5904.5, 	0.37232095, 	0.530104%, 	0.460000%, 	0.070104%
2020-04-08 18:40:52, 	Kraken      , 	Bitfinex    , 	BTC/GBP, 	5937.6, 	0.9, 	5904.5, 	0.0054, 	0.560589%, 	0.460000%, 	0.100589%
2020-04-08 18:41:07, 	Kraken      , 	Bitfinex    , 	BTC/GBP, 	5937.8, 	0.288, 	5904.9, 	1.039, 	0.557164%, 	0.460000%, 	0.097164%
2020-04-08 18:41:22, 	Kraken      , 	Bitfinex    , 	BTC/GBP, 	5937.9, 	0.9, 	5905.1, 	0.37540903, 	0.555452%, 	0.460000%, 	0.095452%
2020-04-08 18:41:37, 	Kraken      , 	Bitfinex    , 	BTC/GBP, 	5939.1, 	0.303, 	5906.8, 	0.37576696, 	0.546827%, 	0.460000%, 	0.086827%
2020-04-08 18:41:52, 	Kraken      , 	Bitfinex    , 	BTC/GBP, 	5939.9, 	0.9, 	5906.8, 	1.41253464, 	0.560371%, 	0.460000%, 	0.100371%
2020-04-08 18:42:07, 	Kraken      , 	Bitfinex    , 	BTC/GBP, 	5941.7, 	0.9, 	5909.4, 	8.79121987, 	0.546587%, 	0.460000%, 	0.086587%
2020-04-08 18:42:22, 	Kraken      , 	Bitfinex    , 	BTC/GBP, 	5940.6, 	0.9, 	5909.1, 	1.034, 	0.533076%, 	0.460000%, 	0.073076%
2020-04-08 18:42:37, 	Kraken      , 	Bitfinex    , 	BTC/GBP, 	5940.6, 	0.9, 	5908.1, 	0.9478, 	0.550092%, 	0.460000%, 	0.090092%
2020-04-08 18:42:52, 	Kraken      , 	Bitfinex    , 	BTC/GBP, 	5941.0, 	0.303, 	5909.6, 	0.41763629, 	0.531339%, 	0.460000%, 	0.071339%
2020-04-08 18:43:07, 	Kraken      , 	Bitfinex    , 	BTC/GBP, 	5940.6, 	0.303, 	5910.0, 	5.0502, 	0.517766%, 	0.460000%, 	0.057766%
2020-04-08 18:43:22, 	Kraken      , 	Bitfinex    , 	BTC/GBP, 	5936.3, 	0.303, 	5908.2, 	0.70000001, 	0.475610%, 	0.460000%, 	0.015610%
2020-04-08 18:43:37, 	Kraken      , 	Bitfinex    , 	BTC/GBP, 	5937.4, 	0.9, 	5905.0, 	0.79571056, 	0.548688%, 	0.460000%, 	0.088688%
2020-04-08 18:43:52, 	Kraken      , 	Bitfinex    , 	BTC/GBP, 	5938.4, 	0.304, 	5906.5, 	7.68286388, 	0.540083%, 	0.460000%, 	0.080083%
2020-04-08 18:44:07, 	Kraken      , 	Bitfinex    , 	BTC/GBP, 	5939.3, 	0.9, 	5905.7, 	0.79571056, 	0.568942%, 	0.460000%, 	0.108942%
2020-04-08 18:44:22, 	Kraken      , 	Bitfinex    , 	BTC/GBP, 	5936.5, 	0.303, 	5908.3, 	0.0054, 	0.477295%, 	0.460000%, 	0.017295%
2020-04-08 18:44:37, 	Kraken      , 	Bitfinex    , 	BTC/GBP, 	5938.6, 	0.9, 	5909.4, 	0.3898924, 	0.494128%, 	0.460000%, 	0.034128%
2020-04-08 18:44:52, 	Kraken      , 	Bitfinex    , 	BTC/GBP, 	5936.7, 	0.303, 	5908.1, 	12.16422258, 	0.484081%, 	0.460000%, 	0.024081%
2020-04-08 18:45:07, 	Kraken      , 	Bitfinex    , 	BTC/GBP, 	5937.4, 	0.9, 	5908.0, 	0.02730789, 	0.497630%, 	0.460000%, 	0.037630%
2020-04-08 18:45:22, 	Kraken      , 	Bitfinex    , 	BTC/GBP, 	5939.4, 	0.303, 	5910.2, 	9.78152445, 	0.494061%, 	0.460000%, 	0.034061%
2020-04-08 18:45:37, 	Kraken      , 	Bitfinex    , 	BTC/GBP, 	5941.5, 	0.398, 	5910.2, 	9.33954906, 	0.529593%, 	0.460000%, 	0.069593%
2020-04-08 18:45:52, 	Kraken      , 	Bitfinex    , 	BTC/GBP, 	5943.1, 	0.282, 	5911.6, 	1.22728894, 	0.532851%, 	0.460000%, 	0.072851%
2020-04-08 18:46:07, 	Kraken      , 	Bitfinex    , 	BTC/GBP, 	5937.0, 	0.369, 	5910.2, 	10.42184178, 	0.453453%, 	0.460000%, 	-0.006547%
2020-04-08 18:53:53, 	Kraken      , 	Bitfinex    , 	BTC/GBP, 	5931.5, 	0.9, 	5902.0, 	0.06055181, 	0.499831%, 	0.460000%, 	0.039831%
2020-04-08 18:54:08, 	Kraken      , 	Bitfinex    , 	BTC/GBP, 	5932.8, 	0.9, 	5902.0, 	0.06055181, 	0.521857%, 	0.460000%, 	0.061857%
2020-04-08 18:54:23, 	Kraken      , 	Bitfinex    , 	BTC/GBP, 	5932.5, 	0.9, 	5902.0, 	3.12749363, 	0.516774%, 	0.460000%, 	0.056774%
2020-04-08 18:54:38, 	Kraken      , 	Bitfinex    , 	BTC/GBP, 	5933.9, 	0.384, 	5902.0, 	2.41663415, 	0.540495%, 	0.460000%, 	0.080495%
2020-04-08 18:54:53, 	Kraken      , 	Bitfinex    , 	BTC/GBP, 	5935.6, 	0.303, 	5902.0, 	2.41163415, 	0.569299%, 	0.460000%, 	0.109299%
2020-04-08 18:55:08, 	Kraken      , 	Bitfinex    , 	BTC/GBP, 	5934.5, 	0.9, 	5902.0, 	2.42142672, 	0.550661%, 	0.460000%, 	0.090661%
2020-04-08 18:55:23, 	Kraken      , 	Bitfinex    , 	BTC/GBP, 	5934.4, 	0.298, 	5902.0, 	2.38908581, 	0.548966%, 	0.460000%, 	0.088966%
2020-04-08 18:55:38, 	Kraken      , 	Bitfinex    , 	BTC/GBP, 	5934.6, 	0.303, 	5902.0, 	2.35107898, 	0.552355%, 	0.460000%, 	0.092355%
2020-04-08 18:55:53, 	Kraken      , 	Bitfinex    , 	BTC/GBP, 	5929.3, 	0.303, 	5900.8, 	0.08432973, 	0.482985%, 	0.460000%, 	0.022985%
2020-04-08 18:56:08, 	Kraken      , 	Bitfinex    , 	BTC/GBP, 	5931.4, 	0.303, 	5901.7, 	0.0054, 	0.503245%, 	0.460000%, 	0.043245%
2020-04-08 18:56:23, 	Kraken      , 	Bitfinex    , 	BTC/GBP, 	5932.1, 	0.365, 	5901.8, 	0.08432973, 	0.513403%, 	0.460000%, 	0.053403%
2020-04-08 18:56:38, 	Kraken      , 	Bitfinex    , 	BTC/GBP, 	5931.2, 	0.9, 	5900.1, 	0.1604, 	0.527110%, 	0.460000%, 	0.067110%
2020-04-08 18:56:53, 	Kraken      , 	Bitfinex    , 	BTC/GBP, 	5930.9, 	0.9, 	5897.7, 	0.03276541, 	0.562931%, 	0.460000%, 	0.102931%
2020-04-08 18:57:08, 	Kraken      , 	Bitfinex    , 	BTC/GBP, 	5931.3, 	0.9, 	5900.3, 	0.0054, 	0.525397%, 	0.460000%, 	0.065397%
2020-04-08 18:57:23, 	Kraken      , 	Bitfinex    , 	BTC/GBP, 	5931.0, 	0.9, 	5898.9, 	0.0054, 	0.544169%, 	0.460000%, 	0.084169%
2020-04-08 18:57:38, 	Kraken      , 	Bitfinex    , 	BTC/GBP, 	5931.1, 	0.9, 	5899.0, 	0.11315954, 	0.544160%, 	0.460000%, 	0.084160%
2020-04-08 18:57:53, 	Kraken      , 	Bitfinex    , 	BTC/GBP, 	5931.8, 	0.9, 	5899.0, 	0.34544878, 	0.556026%, 	0.460000%, 	0.096026%
2020-04-08 18:58:08, 	Kraken      , 	Bitfinex    , 	BTC/GBP, 	5930.6, 	0.303, 	5900.6, 	0.0054, 	0.508423%, 	0.460000%, 	0.048423%
2020-04-08 18:58:23, 	Kraken      , 	Bitfinex    , 	BTC/GBP, 	5925.4, 	0.384, 	5900.0, 	0.0054, 	0.430508%, 	0.460000%, 	-0.029492%
2020-04-09 00:08:30, 	Kraken      , 	Bitfinex    , 	BTC/GBP, 	5970.0, 	0.303, 	5940.2, 	0.10312395, 	0.501667%, 	0.460000%, 	0.041667%
2020-04-09 00:08:45, 	Kraken      , 	Bitfinex    , 	BTC/GBP, 	5971.4, 	0.674, 	5946.9, 	0.84616774, 	0.411979%, 	0.460000%, 	-0.048021%
2020-04-09 00:42:07, 	Kraken      , 	Bitfinex    , 	BTC/GBP, 	5986.0, 	0.399, 	5957.0, 	0.4228974, 	0.486822%, 	0.460000%, 	0.026822%
2020-04-09 00:42:22, 	Kraken      , 	Bitfinex    , 	BTC/GBP, 	5987.7, 	0.303, 	5963.4, 	0.0054, 	0.407486%, 	0.460000%, 	-0.052514%
2020-04-09 03:51:36, 	Kraken      , 	Bitfinex    , 	BTC/GBP, 	5939.5, 	0.303, 	5910.5, 	1.22888388, 	0.490652%, 	0.460000%, 	0.030652%
2020-04-09 03:51:51, 	Kraken      , 	Bitfinex    , 	BTC/GBP, 	5940.0, 	0.389, 	5910.5, 	1.22888388, 	0.499112%, 	0.460000%, 	0.039112%
2020-04-09 03:52:06, 	Kraken      , 	Bitfinex    , 	BTC/GBP, 	5933.9, 	0.358, 	5910.1, 	0.06754355, 	0.402700%, 	0.460000%, 	-0.057300%
2020-04-09 05:35:35, 	Kraken      , 	Bitfinex    , 	BTC/GBP, 	5904.0, 	0.365, 	5875.0, 	2.51125993, 	0.493617%, 	0.460000%, 	0.033617%
2020-04-09 05:35:50, 	Kraken      , 	Bitfinex    , 	BTC/GBP, 	5897.8, 	0.303, 	5875.0, 	1.63106815, 	0.388085%, 	0.460000%, 	-0.071915%
2020-04-09 07:22:24, 	Kraken      , 	Bitfinex    , 	BTC/GBP, 	5949.3, 	0.303, 	5920.3, 	1.21136305, 	0.489840%, 	0.460000%, 	0.029840%
2020-04-09 07:22:39, 	Kraken      , 	Bitfinex    , 	BTC/GBP, 	5950.6, 	0.351, 	5920.3, 	0.15569269, 	0.511798%, 	0.460000%, 	0.051798%
2020-04-09 07:22:54, 	Kraken      , 	Bitfinex    , 	BTC/GBP, 	5952.3, 	0.303, 	5920.7, 	0.12774763, 	0.533721%, 	0.460000%, 	0.073721%
2020-04-09 07:23:09, 	Kraken      , 	Bitfinex    , 	BTC/GBP, 	5946.7, 	0.303, 	5920.7, 	0.10804669, 	0.439137%, 	0.460000%, 	-0.020863%
2020-04-09 09:42:54, 	Kraken      , 	Bitfinex    , 	BTC/GBP, 	5945.6, 	0.009, 	5912.5, 	5.1828, 	0.559831%, 	0.460000%, 	0.099831%
2020-04-09 09:43:09, 	Kraken      , 	Bitfinex    , 	BTC/GBP, 	5945.6, 	0.009, 	5912.5, 	5.18098104, 	0.559831%, 	0.460000%, 	0.099831%
2020-04-09 09:43:24, 	Kraken      , 	Bitfinex    , 	BTC/GBP, 	5945.6, 	0.009, 	5912.5, 	5.03038104, 	0.559831%, 	0.460000%, 	0.099831%
2020-04-09 09:43:39, 	Kraken      , 	Bitfinex    , 	BTC/GBP, 	5945.6, 	0.009, 	5912.5, 	4.99249153, 	0.559831%, 	0.460000%, 	0.099831%
2020-04-09 09:43:54, 	Kraken      , 	Bitfinex    , 	BTC/GBP, 	5945.6, 	0.009, 	5912.5, 	4.99249153, 	0.559831%, 	0.460000%, 	0.099831%
2020-04-09 09:44:09, 	Kraken      , 	Bitfinex    , 	BTC/GBP, 	5945.6, 	0.009, 	5912.5, 	4.98708673, 	0.559831%, 	0.460000%, 	0.099831%
2020-04-09 09:44:24, 	Kraken      , 	Bitfinex    , 	BTC/GBP, 	5941.6, 	0.303, 	5912.5, 	4.98508673, 	0.492178%, 	0.460000%, 	0.032178%
2020-04-09 09:44:39, 	Kraken      , 	Bitfinex    , 	BTC/GBP, 	5939.3, 	0.303, 	5912.5, 	4.98508673, 	0.453277%, 	0.460000%, 	-0.006723%
2020-04-09 12:37:51, 	Kraken      , 	Bitfinex    , 	BTC/GBP, 	5910.0, 	0.005, 	5878.7, 	0.6471, 	0.532431%, 	0.460000%, 	0.072431%
2020-04-09 12:38:06, 	Kraken      , 	Bitfinex    , 	BTC/GBP, 	5910.0, 	0.005, 	5878.7, 	20.5, 	0.532431%, 	0.460000%, 	0.072431%
2020-04-09 12:38:21, 	Kraken      , 	Bitfinex    , 	BTC/GBP, 	5910.0, 	0.005, 	5878.7, 	20.0, 	0.532431%, 	0.460000%, 	0.072431%
2020-04-09 12:38:36, 	Kraken      , 	Bitfinex    , 	BTC/GBP, 	5910.0, 	0.005, 	5878.7, 	20.0, 	0.532431%, 	0.460000%, 	0.072431%
2020-04-09 12:38:51, 	Kraken      , 	Bitfinex    , 	BTC/GBP, 	5910.0, 	0.005, 	5878.7, 	22.14816245, 	0.532431%, 	0.460000%, 	0.072431%
2020-04-09 12:39:06, 	Kraken      , 	Bitfinex    , 	BTC/GBP, 	5910.0, 	0.005, 	5878.7, 	50.67593365, 	0.532431%, 	0.460000%, 	0.072431%
2020-04-09 12:39:21, 	Kraken      , 	Bitfinex    , 	BTC/GBP, 	5910.0, 	0.005, 	5878.7, 	41.56988738, 	0.532431%, 	0.460000%, 	0.072431%
2020-04-09 12:39:36, 	Kraken      , 	Bitfinex    , 	BTC/GBP, 	5910.0, 	0.005, 	5877.9, 	4.59630159, 	0.546113%, 	0.460000%, 	0.086113%
2020-04-09 12:39:51, 	Kraken      , 	Bitfinex    , 	BTC/GBP, 	5910.0, 	0.005, 	5877.9, 	3.49382559, 	0.546113%, 	0.460000%, 	0.086113%
2020-04-09 12:40:06, 	Kraken      , 	Bitfinex    , 	BTC/GBP, 	5910.0, 	0.005, 	5875.6, 	23.54020196, 	0.585472%, 	0.460000%, 	0.125472%
2020-04-09 12:40:21, 	Kraken      , 	Bitfinex    , 	BTC/GBP, 	5899.2, 	0.004, 	5874.4, 	32.78828402, 	0.422171%, 	0.460000%, 	-0.037829%
2020-04-09 14:27:34, 	Kraken      , 	Bitfinex    , 	BTC/GBP, 	5906.1, 	0.671, 	5876.4, 	4.04445851, 	0.505411%, 	0.460000%, 	0.045411%
2020-04-09 14:27:49, 	Kraken      , 	Bitfinex    , 	BTC/GBP, 	5903.7, 	0.303, 	5877.2, 	5.82438739, 	0.450895%, 	0.460000%, 	-0.009105%
2020-04-09 14:33:50, 	Kraken      , 	Bitfinex    , 	BTC/GBP, 	5902.2, 	0.671, 	5870.7, 	0.02828693, 	0.536563%, 	0.460000%, 	0.076563%
2020-04-09 14:34:05, 	Kraken      , 	Bitfinex    , 	BTC/GBP, 	5898.4, 	0.671, 	5868.5, 	20.56117062, 	0.509500%, 	0.460000%, 	0.049500%
2020-04-09 14:34:20, 	Kraken      , 	Bitfinex    , 	BTC/GBP, 	5898.2, 	1.368, 	5868.5, 	10.82480001, 	0.506092%, 	0.460000%, 	0.046092%
2020-04-09 14:34:35, 	Kraken      , 	Bitfinex    , 	BTC/GBP, 	5890.9, 	0.303, 	5864.4, 	6.37114081, 	0.451879%, 	0.460000%, 	-0.008121%
2020-04-09 15:43:06, 	Kraken      , 	Bitfinex    , 	BTC/GBP, 	5929.0, 	1.213, 	5898.9, 	0.70000001, 	0.510265%, 	0.460000%, 	0.050265%
2020-04-09 15:43:21, 	Kraken      , 	Bitfinex    , 	BTC/GBP, 	5929.0, 	1.213, 	5898.9, 	0.70000001, 	0.510265%, 	0.460000%, 	0.050265%
2020-04-09 15:43:36, 	Kraken      , 	Bitfinex    , 	BTC/GBP, 	5929.0, 	1.213, 	5897.7, 	0.215894, 	0.530715%, 	0.460000%, 	0.070715%
2020-04-09 15:43:51, 	Kraken      , 	Bitfinex    , 	BTC/GBP, 	5929.0, 	1.213, 	5901.2, 	0.0054, 	0.471091%, 	0.460000%, 	0.011091%
2020-04-09 15:44:06, 	Kraken      , 	Bitfinex    , 	BTC/GBP, 	5929.0, 	1.213, 	5901.3, 	0.70000001, 	0.469388%, 	0.460000%, 	0.009388%
2020-04-09 15:44:21, 	Kraken      , 	Bitfinex    , 	BTC/GBP, 	5929.0, 	1.213, 	5902.1, 	1.04440072, 	0.455770%, 	0.460000%, 	-0.004230%
2020-04-09 16:16:45, 	Kraken      , 	Bitfinex    , 	BTC/GBP, 	5901.0, 	0.636, 	5869.5, 	3.53100103, 	0.536673%, 	0.460000%, 	0.076673%
2020-04-09 16:17:00, 	Kraken      , 	Bitfinex    , 	BTC/GBP, 	5901.0, 	0.636, 	5869.5, 	6.19748729, 	0.536673%, 	0.460000%, 	0.076673%
2020-04-09 16:17:15, 	Kraken      , 	Bitfinex    , 	BTC/GBP, 	5901.0, 	0.636, 	5869.4, 	0.785, 	0.538386%, 	0.460000%, 	0.078386%
2020-04-09 16:17:30, 	Kraken      , 	Bitfinex    , 	BTC/GBP, 	5901.0, 	0.559, 	5865.6, 	2.61717213, 	0.603519%, 	0.460000%, 	0.143519%
2020-04-09 16:17:45, 	Kraken      , 	Bitfinex    , 	BTC/GBP, 	5900.0, 	0.186, 	5865.6, 	13.36597927, 	0.586470%, 	0.460000%, 	0.126470%
2020-04-09 16:18:00, 	Kraken      , 	Bitfinex    , 	BTC/GBP, 	5877.5, 	4.182, 	5860.0, 	0.56850194, 	0.298635%, 	0.460000%, 	-0.161365%
2020-04-09 17:56:08, 	Kraken      , 	Bitfinex    , 	BTC/GBP, 	5880.1, 	0.303, 	5851.2, 	9.74929049, 	0.493916%, 	0.460000%, 	0.033916%
2020-04-09 17:56:23, 	Kraken      , 	Bitfinex    , 	BTC/GBP, 	5882.1, 	0.9, 	5851.2, 	0.06674066, 	0.528097%, 	0.460000%, 	0.068097%
2020-04-09 17:56:38, 	Kraken      , 	Bitfinex    , 	BTC/GBP, 	5883.7, 	0.303, 	5855.4, 	0.04608312, 	0.483315%, 	0.460000%, 	0.023315%
2020-04-09 17:56:53, 	Kraken      , 	Bitfinex    , 	BTC/GBP, 	5883.7, 	0.303, 	5854.9, 	0.0975, 	0.491896%, 	0.460000%, 	0.031896%
2020-04-09 17:57:08, 	Kraken      , 	Bitfinex    , 	BTC/GBP, 	5883.4, 	0.303, 	5855.4, 	0.0054, 	0.478191%, 	0.460000%, 	0.018191%
2020-04-09 17:57:23, 	Kraken      , 	Bitfinex    , 	BTC/GBP, 	5883.7, 	0.303, 	5854.6, 	0.04608565, 	0.497045%, 	0.460000%, 	0.037045%
2020-04-09 17:57:38, 	Kraken      , 	Bitfinex    , 	BTC/GBP, 	5884.0, 	0.303, 	5857.0, 	10.35633257, 	0.460987%, 	0.460000%, 	0.000987%
2020-04-09 17:57:53, 	Kraken      , 	Bitfinex    , 	BTC/GBP, 	5886.0, 	0.303, 	5855.6, 	0.60419157, 	0.519161%, 	0.460000%, 	0.059161%
2020-04-09 17:58:08, 	Kraken      , 	Bitfinex    , 	BTC/GBP, 	5885.8, 	0.303, 	5857.0, 	0.02743544, 	0.491719%, 	0.460000%, 	0.031719%
2020-04-09 17:58:23, 	Kraken      , 	Bitfinex    , 	BTC/GBP, 	5885.5, 	0.303, 	5856.6, 	0.807436, 	0.493460%, 	0.460000%, 	0.033460%
2020-04-09 17:58:38, 	Kraken      , 	Bitfinex    , 	BTC/GBP, 	5886.3, 	0.9, 	5856.6, 	0.78, 	0.507120%, 	0.460000%, 	0.047120%
2020-04-09 17:58:53, 	Kraken      , 	Bitfinex    , 	BTC/GBP, 	5885.7, 	0.9, 	5857.7, 	0.0054, 	0.478003%, 	0.460000%, 	0.018003%
2020-04-09 17:59:08, 	Kraken      , 	Bitfinex    , 	BTC/GBP, 	5886.1, 	0.303, 	5860.1, 	0.5054, 	0.443678%, 	0.460000%, 	-0.016322%
2020-04-09 18:17:31, 	Kraken      , 	Bitfinex    , 	BTC/GBP, 	5902.5, 	0.878, 	5868.4, 	11.37788659, 	0.581078%, 	0.460000%, 	0.121078%
2020-04-09 18:17:46, 	Kraken      , 	Bitfinex    , 	BTC/GBP, 	5902.5, 	0.878, 	5868.4, 	9.7178866, 	0.581078%, 	0.460000%, 	0.121078%
2020-04-09 18:18:01, 	Kraken      , 	Bitfinex    , 	BTC/GBP, 	5902.5, 	0.878, 	5868.4, 	0.02500001, 	0.581078%, 	0.460000%, 	0.121078%
2020-04-09 18:18:16, 	Kraken      , 	Bitfinex    , 	BTC/GBP, 	5902.5, 	0.878, 	5868.4, 	12.48846695, 	0.581078%, 	0.460000%, 	0.121078%
2020-04-09 18:18:31, 	Kraken      , 	Bitfinex    , 	BTC/GBP, 	5902.5, 	0.878, 	5868.4, 	0.95509651, 	0.581078%, 	0.460000%, 	0.121078%
2020-04-09 18:18:46, 	Kraken      , 	Bitfinex    , 	BTC/GBP, 	5902.5, 	0.878, 	5868.4, 	0.02500001, 	0.581078%, 	0.460000%, 	0.121078%
2020-04-09 18:19:01, 	Kraken      , 	Bitfinex    , 	BTC/GBP, 	5902.5, 	0.878, 	5868.4, 	0.02500001, 	0.581078%, 	0.460000%, 	0.121078%
2020-04-09 18:19:16, 	Kraken      , 	Bitfinex    , 	BTC/GBP, 	5902.5, 	0.878, 	5868.4, 	0.02500001, 	0.581078%, 	0.460000%, 	0.121078%
2020-04-09 18:19:31, 	Kraken      , 	Bitfinex    , 	BTC/GBP, 	5902.5, 	0.878, 	5870.1, 	0.5654, 	0.551950%, 	0.460000%, 	0.091950%
2020-04-09 18:19:46, 	Kraken      , 	Bitfinex    , 	BTC/GBP, 	5902.5, 	0.878, 	5870.1, 	0.56, 	0.551950%, 	0.460000%, 	0.091950%
2020-04-09 18:20:01, 	Kraken      , 	Bitfinex    , 	BTC/GBP, 	5902.5, 	0.878, 	5870.1, 	0.55, 	0.551950%, 	0.460000%, 	0.091950%
2020-04-09 18:20:16, 	Kraken      , 	Bitfinex    , 	BTC/GBP, 	5902.5, 	0.878, 	5870.1, 	0.53671068, 	0.551950%, 	0.460000%, 	0.091950%
2020-04-09 18:20:31, 	Kraken      , 	Bitfinex    , 	BTC/GBP, 	5902.5, 	0.878, 	5871.0, 	0.4854, 	0.536536%, 	0.460000%, 	0.076536%
2020-04-09 18:20:46, 	Kraken      , 	Bitfinex    , 	BTC/GBP, 	5902.5, 	0.878, 	5870.5, 	2.52070225, 	0.545098%, 	0.460000%, 	0.085098%
2020-04-09 18:21:01, 	Kraken      , 	Bitfinex    , 	BTC/GBP, 	5902.5, 	0.878, 	5870.5, 	2.88270225, 	0.545098%, 	0.460000%, 	0.085098%
2020-04-09 18:21:16, 	Kraken      , 	Bitfinex    , 	BTC/GBP, 	5902.6, 	0.022, 	5870.5, 	2.78310225, 	0.546802%, 	0.460000%, 	0.086802%
2020-04-09 18:21:31, 	Kraken      , 	Bitfinex    , 	BTC/GBP, 	5902.6, 	0.303, 	5871.4, 	3.5158038, 	0.531389%, 	0.460000%, 	0.071389%
2020-04-09 18:21:46, 	Kraken      , 	Bitfinex    , 	BTC/GBP, 	5902.6, 	0.303, 	5871.4, 	3.0877512, 	0.531389%, 	0.460000%, 	0.071389%
2020-04-09 18:22:01, 	Kraken      , 	Bitfinex    , 	BTC/GBP, 	5902.9, 	0.303, 	5871.4, 	2.95885733, 	0.536499%, 	0.460000%, 	0.076499%
2020-04-09 18:22:16, 	Kraken      , 	Bitfinex    , 	BTC/GBP, 	5902.6, 	0.303, 	5871.4, 	2.95786393, 	0.531389%, 	0.460000%, 	0.071389%
2020-04-09 18:22:31, 	Kraken      , 	Bitfinex    , 	BTC/GBP, 	5902.6, 	0.303, 	5871.4, 	2.95786417, 	0.531389%, 	0.460000%, 	0.071389%
2020-04-09 18:22:46, 	Kraken      , 	Bitfinex    , 	BTC/GBP, 	5902.6, 	0.303, 	5871.4, 	2.91594674, 	0.531389%, 	0.460000%, 	0.071389%
2020-04-09 18:23:01, 	Kraken      , 	Bitfinex    , 	BTC/GBP, 	5902.6, 	0.303, 	5871.4, 	2.94326541, 	0.531389%, 	0.460000%, 	0.071389%
2020-04-09 18:23:16, 	Kraken      , 	Bitfinex    , 	BTC/GBP, 	5902.6, 	0.229, 	5871.4, 	2.78094674, 	0.531389%, 	0.460000%, 	0.071389%
2020-04-09 18:23:31, 	Kraken      , 	Bitfinex    , 	BTC/GBP, 	5902.6, 	0.229, 	5871.4, 	2.80826625, 	0.531389%, 	0.460000%, 	0.071389%
2020-04-09 18:23:46, 	Kraken      , 	Bitfinex    , 	BTC/GBP, 	5902.6, 	0.229, 	5871.1, 	0.38932253, 	0.536526%, 	0.460000%, 	0.076526%
2020-04-09 18:24:01, 	Kraken      , 	Bitfinex    , 	BTC/GBP, 	5902.2, 	0.303, 	5870.7, 	1.73432328, 	0.536563%, 	0.460000%, 	0.076563%
2020-04-09 18:24:16, 	Kraken      , 	Bitfinex    , 	BTC/GBP, 	5901.3, 	0.05, 	5867.4, 	1.2, 	0.577769%, 	0.460000%, 	0.117769%
2020-04-09 18:24:31, 	Kraken      , 	Bitfinex    , 	BTC/GBP, 	5896.9, 	0.303, 	5867.4, 	1.22733913, 	0.502778%, 	0.460000%, 	0.042778%
2020-04-09 18:24:46, 	Kraken      , 	Bitfinex    , 	BTC/GBP, 	5898.4, 	0.05, 	5867.4, 	1.22733913, 	0.528343%, 	0.460000%, 	0.068343%
2020-04-09 18:25:01, 	Kraken      , 	Bitfinex    , 	BTC/GBP, 	5897.2, 	0.303, 	5867.4, 	1.22733913, 	0.507891%, 	0.460000%, 	0.047891%
2020-04-09 18:25:16, 	Kraken      , 	Bitfinex    , 	BTC/GBP, 	5902.6, 	0.424, 	5867.7, 	1.20416631, 	0.594782%, 	0.460000%, 	0.134782%
2020-04-09 18:25:31, 	Kraken      , 	Bitfinex    , 	BTC/GBP, 	5902.6, 	0.424, 	5867.4, 	1.13934246, 	0.599925%, 	0.460000%, 	0.139925%
2020-04-09 18:25:46, 	Kraken      , 	Bitfinex    , 	BTC/GBP, 	5902.6, 	0.878, 	5867.3, 	0.48, 	0.601640%, 	0.460000%, 	0.141640%
2020-04-09 18:26:01, 	Kraken      , 	Bitfinex    , 	BTC/GBP, 	5902.6, 	0.878, 	5867.4, 	2.61111291, 	0.599925%, 	0.460000%, 	0.139925%
2020-04-09 18:26:16, 	Kraken      , 	Bitfinex    , 	BTC/GBP, 	5902.6, 	0.878, 	5867.3, 	0.48, 	0.601640%, 	0.460000%, 	0.141640%
2020-04-09 18:26:31, 	Kraken      , 	Bitfinex    , 	BTC/GBP, 	5902.6, 	0.878, 	5870.3, 	3.02754433, 	0.550227%, 	0.460000%, 	0.090227%
2020-04-09 18:26:46, 	Kraken      , 	Bitfinex    , 	BTC/GBP, 	5902.6, 	0.878, 	5871.0, 	4.87241886, 	0.538239%, 	0.460000%, 	0.078239%
2020-04-09 18:27:01, 	Kraken      , 	Bitfinex    , 	BTC/GBP, 	5902.6, 	0.878, 	5871.0, 	2.03433631, 	0.538239%, 	0.460000%, 	0.078239%
2020-04-09 18:27:16, 	Kraken      , 	Bitfinex    , 	BTC/GBP, 	5902.6, 	0.878, 	5870.5, 	0.05526048, 	0.546802%, 	0.460000%, 	0.086802%
2020-04-09 18:27:31, 	Kraken      , 	Bitfinex    , 	BTC/GBP, 	5902.6, 	0.878, 	5870.4, 	1.73442956, 	0.548515%, 	0.460000%, 	0.088515%
2020-04-09 18:27:46, 	Kraken      , 	Bitfinex    , 	BTC/GBP, 	5902.6, 	0.878, 	5870.4, 	5.65001691, 	0.548515%, 	0.460000%, 	0.088515%
2020-04-09 18:28:01, 	Kraken      , 	Bitfinex    , 	BTC/GBP, 	5902.6, 	0.878, 	5870.4, 	11.54501691, 	0.548515%, 	0.460000%, 	0.088515%
2020-04-09 18:28:16, 	Kraken      , 	Bitfinex    , 	BTC/GBP, 	5902.6, 	0.878, 	5870.3, 	13.957314, 	0.550227%, 	0.460000%, 	0.090227%
2020-04-09 18:28:31, 	Kraken      , 	Bitfinex    , 	BTC/GBP, 	5902.6, 	0.878, 	5870.3, 	9.560014, 	0.550227%, 	0.460000%, 	0.090227%
2020-04-09 18:28:46, 	Kraken      , 	Bitfinex    , 	BTC/GBP, 	5902.6, 	0.878, 	5868.9, 	0.70000001, 	0.574213%, 	0.460000%, 	0.114213%
2020-04-09 18:29:01, 	Kraken      , 	Bitfinex    , 	BTC/GBP, 	5902.6, 	0.878, 	5869.2, 	0.38934623, 	0.569072%, 	0.460000%, 	0.109072%
2020-04-09 18:29:16, 	Kraken      , 	Bitfinex    , 	BTC/GBP, 	5902.6, 	0.878, 	5867.4, 	0.38935106, 	0.599925%, 	0.460000%, 	0.139925%
2020-04-09 18:29:31, 	Kraken      , 	Bitfinex    , 	BTC/GBP, 	5902.6, 	0.878, 	5869.5, 	0.02734535, 	0.563932%, 	0.460000%, 	0.103932%
2020-04-09 18:29:46, 	Kraken      , 	Bitfinex    , 	BTC/GBP, 	5902.6, 	0.878, 	5869.8, 	1.46592456, 	0.558792%, 	0.460000%, 	0.098792%
2020-04-09 18:30:01, 	Kraken      , 	Bitfinex    , 	BTC/GBP, 	5902.7, 	0.303, 	5872.7, 	0.31382616, 	0.510838%, 	0.460000%, 	0.050838%
2020-04-09 18:30:16, 	Kraken      , 	Bitfinex    , 	BTC/GBP, 	5902.7, 	0.303, 	5873.3, 	0.00063621, 	0.500570%, 	0.460000%, 	0.040570%
2020-04-09 18:30:31, 	Kraken      , 	Bitfinex    , 	BTC/GBP, 	5902.6, 	0.878, 	5872.5, 	0.2891, 	0.512559%, 	0.460000%, 	0.052559%
2020-04-09 18:30:46, 	Kraken      , 	Bitfinex    , 	BTC/GBP, 	5902.6, 	0.878, 	5872.3, 	0.26490336, 	0.515982%, 	0.460000%, 	0.055982%
2020-04-09 18:31:01, 	Kraken      , 	Bitfinex    , 	BTC/GBP, 	5902.7, 	0.303, 	5872.2, 	0.2968, 	0.519396%, 	0.460000%, 	0.059396%
2020-04-09 18:31:16, 	Kraken      , 	Bitfinex    , 	BTC/GBP, 	5902.6, 	0.878, 	5873.4, 	1.46993152, 	0.497157%, 	0.460000%, 	0.037157%
2020-04-09 18:31:31, 	Kraken      , 	Bitfinex    , 	BTC/GBP, 	5902.7, 	0.303, 	5873.3, 	2.34256109, 	0.500570%, 	0.460000%, 	0.040570%
2020-04-09 18:31:46, 	Kraken      , 	Bitfinex    , 	BTC/GBP, 	5902.6, 	0.878, 	5870.6, 	0.2371, 	0.545089%, 	0.460000%, 	0.085089%
2020-04-09 18:32:01, 	Kraken      , 	Bitfinex    , 	BTC/GBP, 	5902.6, 	0.878, 	5868.6, 	0.78164691, 	0.579355%, 	0.460000%, 	0.119355%
2020-04-09 18:32:16, 	Kraken      , 	Bitfinex    , 	BTC/GBP, 	5902.6, 	0.878, 	5868.4, 	0.5, 	0.582782%, 	0.460000%, 	0.122782%
2020-04-09 18:32:31, 	Kraken      , 	Bitfinex    , 	BTC/GBP, 	5902.6, 	0.878, 	5868.7, 	0.2889, 	0.577641%, 	0.460000%, 	0.117641%
2020-04-09 18:32:46, 	Kraken      , 	Bitfinex    , 	BTC/GBP, 	5902.6, 	0.878, 	5870.7, 	0.01, 	0.543376%, 	0.460000%, 	0.083376%
2020-04-09 18:33:01, 	Kraken      , 	Bitfinex    , 	BTC/GBP, 	5902.6, 	0.878, 	5870.7, 	0.01, 	0.543376%, 	0.460000%, 	0.083376%
2020-04-09 18:33:16, 	Kraken      , 	Bitfinex    , 	BTC/GBP, 	5902.7, 	0.303, 	5870.7, 	0.01, 	0.545080%, 	0.460000%, 	0.085080%
2020-04-09 18:33:31, 	Kraken      , 	Bitfinex    , 	BTC/GBP, 	5902.7, 	0.303, 	5870.7, 	0.01, 	0.545080%, 	0.460000%, 	0.085080%
2020-04-09 18:33:46, 	Kraken      , 	Bitfinex    , 	BTC/GBP, 	5902.7, 	0.303, 	5870.7, 	0.004, 	0.545080%, 	0.460000%, 	0.085080%
2020-04-09 18:34:01, 	Kraken      , 	Bitfinex    , 	BTC/GBP, 	5902.7, 	0.303, 	5870.7, 	0.00468658, 	0.545080%, 	0.460000%, 	0.085080%
2020-04-09 18:34:16, 	Kraken      , 	Bitfinex    , 	BTC/GBP, 	5902.7, 	0.303, 	5870.7, 	0.00468658, 	0.545080%, 	0.460000%, 	0.085080%
2020-04-09 18:34:31, 	Kraken      , 	Bitfinex    , 	BTC/GBP, 	5902.6, 	0.878, 	5870.7, 	0.00468658, 	0.543376%, 	0.460000%, 	0.083376%
2020-04-09 18:34:46, 	Kraken      , 	Bitfinex    , 	BTC/GBP, 	5902.6, 	0.878, 	5871.4, 	0.07104551, 	0.531389%, 	0.460000%, 	0.071389%
2020-04-09 18:35:01, 	Kraken      , 	Bitfinex    , 	BTC/GBP, 	5902.7, 	0.303, 	5871.9, 	5.31408624, 	0.524532%, 	0.460000%, 	0.064532%
2020-04-09 18:35:16, 	Kraken      , 	Bitfinex    , 	BTC/GBP, 	5902.7, 	0.303, 	5871.9, 	5.31474658, 	0.524532%, 	0.460000%, 	0.064532%
2020-04-09 18:35:31, 	Kraken      , 	Bitfinex    , 	BTC/GBP, 	5902.6, 	0.878, 	5871.9, 	0.31808408, 	0.522829%, 	0.460000%, 	0.062829%
2020-04-09 18:35:46, 	Kraken      , 	Bitfinex    , 	BTC/GBP, 	5902.6, 	0.878, 	5872.7, 	0.23324313, 	0.509135%, 	0.460000%, 	0.049135%
2020-04-09 18:36:01, 	Kraken      , 	Bitfinex    , 	BTC/GBP, 	5902.6, 	0.878, 	5870.6, 	3.7, 	0.545089%, 	0.460000%, 	0.085089%
2020-04-09 18:36:16, 	Kraken      , 	Bitfinex    , 	BTC/GBP, 	5902.6, 	0.878, 	5872.3, 	0.8965043, 	0.515982%, 	0.460000%, 	0.055982%
2020-04-09 18:36:31, 	Kraken      , 	Bitfinex    , 	BTC/GBP, 	5902.6, 	0.878, 	5868.2, 	0.75, 	0.586210%, 	0.460000%, 	0.126210%
2020-04-09 18:36:46, 	Kraken      , 	Bitfinex    , 	BTC/GBP, 	5902.6, 	0.878, 	5865.8, 	1.6477082, 	0.627365%, 	0.460000%, 	0.167365%
2020-04-09 18:37:01, 	Kraken      , 	Bitfinex    , 	BTC/GBP, 	5902.6, 	0.878, 	5866.2, 	2.5, 	0.620504%, 	0.460000%, 	0.160504%
2020-04-09 18:37:16, 	Kraken      , 	Bitfinex    , 	BTC/GBP, 	5902.6, 	0.878, 	5866.2, 	2.5054, 	0.620504%, 	0.460000%, 	0.160504%
2020-04-09 18:37:31, 	Kraken      , 	Bitfinex    , 	BTC/GBP, 	5902.6, 	0.878, 	5866.2, 	2.5054, 	0.620504%, 	0.460000%, 	0.160504%
2020-04-09 18:37:46, 	Kraken      , 	Bitfinex    , 	BTC/GBP, 	5902.6, 	0.878, 	5865.8, 	0.75, 	0.627365%, 	0.460000%, 	0.167365%
2020-04-09 18:38:01, 	Kraken      , 	Bitfinex    , 	BTC/GBP, 	5902.6, 	0.878, 	5865.8, 	1.23, 	0.627365%, 	0.460000%, 	0.167365%
2020-04-09 18:38:16, 	Kraken      , 	Bitfinex    , 	BTC/GBP, 	5902.6, 	0.878, 	5865.8, 	0.75, 	0.627365%, 	0.460000%, 	0.167365%
2020-04-09 18:38:31, 	Kraken      , 	Bitfinex    , 	BTC/GBP, 	5902.6, 	0.878, 	5865.8, 	0.39899845, 	0.627365%, 	0.460000%, 	0.167365%
2020-04-09 18:38:46, 	Kraken      , 	Bitfinex    , 	BTC/GBP, 	5902.6, 	0.878, 	5865.8, 	1.44359461, 	0.627365%, 	0.460000%, 	0.167365%
2020-04-09 18:39:01, 	Kraken      , 	Bitfinex    , 	BTC/GBP, 	5902.6, 	0.878, 	5866.0, 	0.70000001, 	0.623935%, 	0.460000%, 	0.163935%
2020-04-09 18:39:16, 	Kraken      , 	Bitfinex    , 	BTC/GBP, 	5902.6, 	0.878, 	5866.0, 	0.70000001, 	0.623935%, 	0.460000%, 	0.163935%
2020-04-09 18:39:31, 	Kraken      , 	Bitfinex    , 	BTC/GBP, 	5902.6, 	0.878, 	5864.9, 	15.24891428, 	0.642807%, 	0.460000%, 	0.182807%
2020-04-09 18:39:46, 	Kraken      , 	Bitfinex    , 	BTC/GBP, 	5902.6, 	0.83, 	5864.0, 	10.42038325, 	0.658254%, 	0.460000%, 	0.198254%
2020-04-09 18:40:01, 	Kraken      , 	Bitfinex    , 	BTC/GBP, 	5902.6, 	0.83, 	5863.8, 	11.46236325, 	0.661687%, 	0.460000%, 	0.201687%
2020-04-09 18:40:16, 	Kraken      , 	Bitfinex    , 	BTC/GBP, 	5902.6, 	0.83, 	5863.8, 	1.18000001, 	0.661687%, 	0.460000%, 	0.201687%
2020-04-09 18:40:31, 	Kraken      , 	Bitfinex    , 	BTC/GBP, 	5902.6, 	0.83, 	5863.8, 	0.70540001, 	0.661687%, 	0.460000%, 	0.201687%
2020-04-09 18:40:46, 	Kraken      , 	Bitfinex    , 	BTC/GBP, 	5902.6, 	0.83, 	5863.8, 	2.84148001, 	0.661687%, 	0.460000%, 	0.201687%
2020-04-09 18:41:01, 	Kraken      , 	Bitfinex    , 	BTC/GBP, 	5902.6, 	0.83, 	5863.6, 	0.70540001, 	0.665120%, 	0.460000%, 	0.205120%
2020-04-09 18:41:16, 	Kraken      , 	Bitfinex    , 	BTC/GBP, 	5902.6, 	0.83, 	5863.6, 	0.70540001, 	0.665120%, 	0.460000%, 	0.205120%
2020-04-09 18:41:31, 	Kraken      , 	Bitfinex    , 	BTC/GBP, 	5902.6, 	0.83, 	5863.3, 	0.0054, 	0.670271%, 	0.460000%, 	0.210271%
2020-04-09 18:41:46, 	Kraken      , 	Bitfinex    , 	BTC/GBP, 	5902.6, 	0.83, 	5861.3, 	0.0054, 	0.704622%, 	0.460000%, 	0.244622%
2020-04-09 18:42:01, 	Kraken      , 	Bitfinex    , 	BTC/GBP, 	5902.6, 	0.83, 	5863.1, 	1.0054, 	0.673705%, 	0.460000%, 	0.213705%
2020-04-09 18:42:16, 	Kraken      , 	Bitfinex    , 	BTC/GBP, 	5902.6, 	0.83, 	5861.7, 	0.0054, 	0.697750%, 	0.460000%, 	0.237750%
2020-04-09 18:42:31, 	Kraken      , 	Bitfinex    , 	BTC/GBP, 	5902.6, 	0.83, 	5861.2, 	0.0054, 	0.706340%, 	0.460000%, 	0.246340%
2020-04-09 18:42:46, 	Kraken      , 	Bitfinex    , 	BTC/GBP, 	5902.6, 	0.83, 	5861.4, 	0.0094, 	0.702904%, 	0.460000%, 	0.242904%
2020-04-09 18:43:01, 	Kraken      , 	Bitfinex    , 	BTC/GBP, 	5902.6, 	0.83, 	5862.8, 	0.0054, 	0.678857%, 	0.460000%, 	0.218857%
2020-04-09 18:43:16, 	Kraken      , 	Bitfinex    , 	BTC/GBP, 	5902.6, 	0.83, 	5862.4, 	2.4854, 	0.685726%, 	0.460000%, 	0.225726%
2020-04-09 18:43:31, 	Kraken      , 	Bitfinex    , 	BTC/GBP, 	5902.6, 	0.83, 	5861.2, 	0.70540001, 	0.706340%, 	0.460000%, 	0.246340%
2020-04-09 18:43:46, 	Kraken      , 	Bitfinex    , 	BTC/GBP, 	5902.6, 	0.83, 	5861.2, 	0.70540001, 	0.706340%, 	0.460000%, 	0.246340%
2020-04-09 18:44:01, 	Kraken      , 	Bitfinex    , 	BTC/GBP, 	5902.6, 	0.83, 	5861.9, 	0.70040001, 	0.694314%, 	0.460000%, 	0.234314%
2020-04-09 18:44:16, 	Kraken      , 	Bitfinex    , 	BTC/GBP, 	5902.6, 	0.83, 	5861.9, 	0.0004, 	0.694314%, 	0.460000%, 	0.234314%
2020-04-09 18:44:31, 	Kraken      , 	Bitfinex    , 	BTC/GBP, 	5902.6, 	0.83, 	5861.9, 	0.0004, 	0.694314%, 	0.460000%, 	0.234314%
2020-04-09 18:44:46, 	Kraken      , 	Bitfinex    , 	BTC/GBP, 	5902.6, 	0.83, 	5861.4, 	0.008, 	0.702904%, 	0.460000%, 	0.242904%
2020-04-09 18:45:01, 	Kraken      , 	Bitfinex    , 	BTC/GBP, 	5902.6, 	0.83, 	5861.2, 	10.9504323, 	0.706340%, 	0.460000%, 	0.246340%
2020-04-09 18:45:16, 	Kraken      , 	Bitfinex    , 	BTC/GBP, 	5902.6, 	0.83, 	5861.1, 	1.18000001, 	0.708058%, 	0.460000%, 	0.248058%
2020-04-09 18:45:31, 	Kraken      , 	Bitfinex    , 	BTC/GBP, 	5902.6, 	0.83, 	5861.1, 	1.46760015, 	0.708058%, 	0.460000%, 	0.248058%
2020-04-09 18:45:46, 	Kraken      , 	Bitfinex    , 	BTC/GBP, 	5902.6, 	0.83, 	5861.1, 	0.67996771, 	0.708058%, 	0.460000%, 	0.248058%
2020-04-09 18:46:01, 	Kraken      , 	Bitfinex    , 	BTC/GBP, 	5902.6, 	0.83, 	5861.1, 	1.95256785, 	0.708058%, 	0.460000%, 	0.248058%
2020-04-09 18:46:16, 	Kraken      , 	Bitfinex    , 	BTC/GBP, 	5902.6, 	0.83, 	5861.1, 	0.67996771, 	0.708058%, 	0.460000%, 	0.248058%
2020-04-09 18:46:31, 	Kraken      , 	Bitfinex    , 	BTC/GBP, 	5902.6, 	0.83, 	5860.3, 	6.82568324, 	0.721806%, 	0.460000%, 	0.261806%
2020-04-09 18:46:46, 	Kraken      , 	Bitfinex    , 	BTC/GBP, 	5902.6, 	0.83, 	5863.5, 	1.18000001, 	0.666837%, 	0.460000%, 	0.206837%
2020-04-09 18:47:01, 	Kraken      , 	Bitfinex    , 	BTC/GBP, 	5902.6, 	0.83, 	5863.5, 	1.18000001, 	0.666837%, 	0.460000%, 	0.206837%
2020-04-09 18:47:16, 	Kraken      , 	Bitfinex    , 	BTC/GBP, 	5902.6, 	0.83, 	5863.5, 	0.70000001, 	0.666837%, 	0.460000%, 	0.206837%
2020-04-09 18:47:31, 	Kraken      , 	Bitfinex    , 	BTC/GBP, 	5902.6, 	0.83, 	5860.0, 	40.74925756, 	0.726962%, 	0.460000%, 	0.266962%
2020-04-09 18:47:46, 	Kraken      , 	Bitfinex    , 	BTC/GBP, 	5902.6, 	0.83, 	5857.5, 	2.71637044, 	0.769953%, 	0.460000%, 	0.309953%
2020-04-09 18:48:01, 	Kraken      , 	Bitfinex    , 	BTC/GBP, 	5902.6, 	0.83, 	5857.1, 	10.66956956, 	0.776835%, 	0.460000%, 	0.316835%
2020-04-09 18:48:16, 	Kraken      , 	Bitfinex    , 	BTC/GBP, 	5902.6, 	0.83, 	5857.1, 	18.64167049, 	0.776835%, 	0.460000%, 	0.316835%
2020-04-09 18:48:31, 	Kraken      , 	Bitfinex    , 	BTC/GBP, 	5902.6, 	0.83, 	5857.1, 	6.08858736, 	0.776835%, 	0.460000%, 	0.316835%
2020-04-09 18:48:46, 	Kraken      , 	Bitfinex    , 	BTC/GBP, 	5902.6, 	0.83, 	5857.1, 	20.51234473, 	0.776835%, 	0.460000%, 	0.316835%
2020-04-09 18:49:01, 	Kraken      , 	Bitfinex    , 	BTC/GBP, 	5902.6, 	0.766, 	5857.1, 	19.59011425, 	0.776835%, 	0.460000%, 	0.316835%
2020-04-09 18:49:16, 	Kraken      , 	Bitfinex    , 	BTC/GBP, 	5902.6, 	0.716, 	5857.1, 	1.73000002, 	0.776835%, 	0.460000%, 	0.316835%
2020-04-09 18:49:31, 	Kraken      , 	Bitfinex    , 	BTC/GBP, 	5902.6, 	0.71, 	5857.0, 	8.45086546, 	0.778556%, 	0.460000%, 	0.318556%
2020-04-09 18:49:46, 	Kraken      , 	Bitfinex    , 	BTC/GBP, 	5902.6, 	0.66, 	5857.0, 	5.20438735, 	0.778556%, 	0.460000%, 	0.318556%
2020-04-09 18:50:01, 	Kraken      , 	Bitfinex    , 	BTC/GBP, 	5901.0, 	0.005, 	5856.6, 	3.76637044, 	0.758119%, 	0.460000%, 	0.298119%
2020-04-09 18:50:16, 	Kraken      , 	Bitfinex    , 	BTC/GBP, 	5901.0, 	0.005, 	5856.6, 	5.35002708, 	0.758119%, 	0.460000%, 	0.298119%
2020-04-09 18:50:31, 	Kraken      , 	Bitfinex    , 	BTC/GBP, 	5881.2, 	0.303, 	5856.6, 	5.29102708, 	0.420039%, 	0.460000%, 	-0.039961%
2020-04-09 22:53:43, 	Kraken      , 	Bitfinex    , 	BTC/GBP, 	5895.9, 	0.303, 	5866.4, 	0.01422971, 	0.502864%, 	0.460000%, 	0.042864%
2020-04-09 22:53:58, 	Kraken      , 	Bitfinex    , 	BTC/GBP, 	5896.4, 	0.384, 	5866.8, 	0.002, 	0.504534%, 	0.460000%, 	0.044534%
2020-04-09 22:54:13, 	Kraken      , 	Bitfinex    , 	BTC/GBP, 	5897.3, 	0.375, 	5869.1, 	0.00019101, 	0.480483%, 	0.460000%, 	0.020483%
2020-04-09 22:54:28, 	Kraken      , 	Bitfinex    , 	BTC/GBP, 	5896.9, 	0.303, 	5870.0, 	0.006, 	0.458262%, 	0.460000%, 	-0.001738%
2020-04-10 07:21:48, 	Kraken      , 	Bitfinex    , 	BTC/GBP, 	5643.2, 	0.171, 	5615.5, 	4.23841951, 	0.493278%, 	0.460000%, 	0.033278%
2020-04-10 07:22:03, 	Kraken      , 	Bitfinex    , 	BTC/GBP, 	5642.4, 	0.303, 	5615.5, 	3.03043826, 	0.479031%, 	0.460000%, 	0.019031%
2020-04-10 07:22:18, 	Kraken      , 	Bitfinex    , 	BTC/GBP, 	5642.9, 	0.171, 	5615.5, 	2.07851021, 	0.487935%, 	0.460000%, 	0.027935%
2020-04-10 07:22:33, 	Kraken      , 	Bitfinex    , 	BTC/GBP, 	5642.4, 	0.303, 	5615.5, 	2.02315305, 	0.479031%, 	0.460000%, 	0.019031%
2020-04-10 07:22:48, 	Kraken      , 	Bitfinex    , 	BTC/GBP, 	5643.0, 	0.303, 	5615.7, 	0.67161872, 	0.486137%, 	0.460000%, 	0.026137%
2020-04-10 07:23:03, 	Kraken      , 	Bitfinex    , 	BTC/GBP, 	5642.7, 	0.303, 	5616.7, 	0.49273635, 	0.462905%, 	0.460000%, 	0.002905%
2020-04-10 07:23:18, 	Kraken      , 	Bitfinex    , 	BTC/GBP, 	5642.7, 	0.303, 	5616.3, 	0.803725, 	0.470060%, 	0.460000%, 	0.010060%
2020-04-10 07:23:33, 	Kraken      , 	Bitfinex    , 	BTC/GBP, 	5642.6, 	0.171, 	5616.3, 	0.01000034, 	0.468280%, 	0.460000%, 	0.008280%
2020-04-10 07:23:48, 	Kraken      , 	Bitfinex    , 	BTC/GBP, 	5642.7, 	0.303, 	5617.0, 	1.999, 	0.457540%, 	0.460000%, 	-0.002460%
2020-04-10 07:46:32, 	Kraken      , 	Bitfinex    , 	BTC/GBP, 	5625.2, 	0.171, 	5587.6, 	0.09826323, 	0.672919%, 	0.460000%, 	0.212919%
2020-04-10 07:46:47, 	Kraken      , 	Bitfinex    , 	BTC/GBP, 	5625.2, 	0.171, 	5592.2, 	0.695, 	0.590108%, 	0.460000%, 	0.130108%
2020-04-10 07:47:02, 	Kraken      , 	Bitfinex    , 	BTC/GBP, 	5625.2, 	0.171, 	5593.3, 	2.45, 	0.570325%, 	0.460000%, 	0.110325%
2020-04-10 07:47:17, 	Kraken      , 	Bitfinex    , 	BTC/GBP, 	5625.2, 	0.171, 	5592.2, 	8.12667772, 	0.590108%, 	0.460000%, 	0.130108%
2020-04-10 07:47:32, 	Kraken      , 	Bitfinex    , 	BTC/GBP, 	5625.2, 	0.171, 	5592.2, 	11.5830104, 	0.590108%, 	0.460000%, 	0.130108%
2020-04-10 07:47:47, 	Kraken      , 	Bitfinex    , 	BTC/GBP, 	5625.2, 	0.171, 	5592.2, 	7.11084436, 	0.590108%, 	0.460000%, 	0.130108%
2020-04-10 07:48:02, 	Kraken      , 	Bitfinex    , 	BTC/GBP, 	5625.2, 	0.171, 	5592.2, 	6.06761159, 	0.590108%, 	0.460000%, 	0.130108%
2020-04-10 07:48:17, 	Kraken      , 	Bitfinex    , 	BTC/GBP, 	5625.2, 	0.171, 	5596.0, 	0.04850455, 	0.521801%, 	0.460000%, 	0.061801%
2020-04-10 07:48:32, 	Kraken      , 	Bitfinex    , 	BTC/GBP, 	5625.0, 	0.035, 	5598.9, 	0.49273635, 	0.466163%, 	0.460000%, 	0.006163%
2020-04-10 07:48:47, 	Kraken      , 	Bitfinex    , 	BTC/GBP, 	5625.5, 	0.171, 	5597.8, 	2.91214316, 	0.494837%, 	0.460000%, 	0.034837%
2020-04-10 07:49:02, 	Kraken      , 	Bitfinex    , 	BTC/GBP, 	5625.3, 	0.303, 	5598.6, 	2.98529941, 	0.476905%, 	0.460000%, 	0.016905%
2020-04-10 07:49:17, 	Kraken      , 	Bitfinex    , 	BTC/GBP, 	5625.6, 	0.303, 	5598.6, 	2.51080254, 	0.482263%, 	0.460000%, 	0.022263%
2020-04-10 07:49:32, 	Kraken      , 	Bitfinex    , 	BTC/GBP, 	5626.5, 	0.303, 	5598.6, 	3.48425455, 	0.498339%, 	0.460000%, 	0.038339%
2020-04-10 07:49:47, 	Kraken      , 	Bitfinex    , 	BTC/GBP, 	5625.2, 	0.171, 	5597.8, 	5.10359529, 	0.489478%, 	0.460000%, 	0.029478%
2020-04-10 07:50:02, 	Kraken      , 	Bitfinex    , 	BTC/GBP, 	5625.2, 	0.171, 	5597.8, 	17.42255564, 	0.489478%, 	0.460000%, 	0.029478%
2020-04-10 07:50:17, 	Kraken      , 	Bitfinex    , 	BTC/GBP, 	5625.3, 	0.303, 	5597.8, 	0.04604382, 	0.491264%, 	0.460000%, 	0.031264%
2020-04-10 07:50:32, 	Kraken      , 	Bitfinex    , 	BTC/GBP, 	5625.3, 	0.303, 	5597.8, 	0.04604382, 	0.491264%, 	0.460000%, 	0.031264%
2020-04-10 07:50:47, 	Kraken      , 	Bitfinex    , 	BTC/GBP, 	5625.0, 	0.035, 	5597.8, 	7.18093095, 	0.485905%, 	0.460000%, 	0.025905%
2020-04-10 07:51:02, 	Kraken      , 	Bitfinex    , 	BTC/GBP, 	5625.2, 	0.171, 	5598.6, 	0.0006, 	0.475119%, 	0.460000%, 	0.015119%
2020-04-10 07:51:17, 	Kraken      , 	Bitfinex    , 	BTC/GBP, 	5625.2, 	0.171, 	5598.7, 	0.05090741, 	0.473324%, 	0.460000%, 	0.013324%
2020-04-10 07:51:32, 	Kraken      , 	Bitfinex    , 	BTC/GBP, 	5626.0, 	0.171, 	5598.8, 	8.88343388, 	0.485818%, 	0.460000%, 	0.025818%
2020-04-10 07:51:47, 	Kraken      , 	Bitfinex    , 	BTC/GBP, 	5625.0, 	0.035, 	5599.2, 	0.2364489, 	0.460780%, 	0.460000%, 	0.000780%
2020-04-10 07:52:02, 	Kraken      , 	Bitfinex    , 	BTC/GBP, 	5625.0, 	0.035, 	5599.2, 	1.52209609, 	0.460780%, 	0.460000%, 	0.000780%
2020-04-10 07:52:17, 	Kraken      , 	Bitfinex    , 	BTC/GBP, 	5626.0, 	0.171, 	5599.2, 	11.97908068, 	0.478640%, 	0.460000%, 	0.018640%
2020-04-10 07:52:32, 	Kraken      , 	Bitfinex    , 	BTC/GBP, 	5625.0, 	0.035, 	5599.2, 	16.14311987, 	0.460780%, 	0.460000%, 	0.000780%
2020-04-10 07:52:47, 	Kraken      , 	Bitfinex    , 	BTC/GBP, 	5625.2, 	0.171, 	5598.8, 	17.81564249, 	0.471530%, 	0.460000%, 	0.011530%
2020-04-10 07:53:02, 	Kraken      , 	Bitfinex    , 	BTC/GBP, 	5625.2, 	0.171, 	5598.8, 	12.49579066, 	0.471530%, 	0.460000%, 	0.011530%
2020-04-10 07:53:17, 	Kraken      , 	Bitfinex    , 	BTC/GBP, 	5625.0, 	0.035, 	5595.4, 	0.72306001, 	0.529006%, 	0.460000%, 	0.069006%
2020-04-10 07:53:32, 	Kraken      , 	Bitfinex    , 	BTC/GBP, 	5625.2, 	0.171, 	5593.9, 	1.5584822, 	0.559538%, 	0.460000%, 	0.099538%
2020-04-10 07:53:47, 	Kraken      , 	Bitfinex    , 	BTC/GBP, 	5625.2, 	0.171, 	5593.3, 	0.08201521, 	0.570325%, 	0.460000%, 	0.110325%
2020-04-10 07:54:02, 	Kraken      , 	Bitfinex    , 	BTC/GBP, 	5625.2, 	0.171, 	5593.4, 	11.80442376, 	0.568527%, 	0.460000%, 	0.108527%
2020-04-10 07:54:17, 	Kraken      , 	Bitfinex    , 	BTC/GBP, 	5625.2, 	0.171, 	5593.3, 	0.0460841, 	0.570325%, 	0.460000%, 	0.110325%
2020-04-10 07:54:32, 	Kraken      , 	Bitfinex    , 	BTC/GBP, 	5625.2, 	0.171, 	5593.8, 	0.2, 	0.561336%, 	0.460000%, 	0.101336%
2020-04-10 07:54:47, 	Kraken      , 	Bitfinex    , 	BTC/GBP, 	5625.2, 	0.171, 	5593.8, 	0.2, 	0.561336%, 	0.460000%, 	0.101336%
2020-04-10 07:55:02, 	Kraken      , 	Bitfinex    , 	BTC/GBP, 	5625.9, 	0.303, 	5600.2, 	1.21942913, 	0.458912%, 	0.460000%, 	-0.001088%
2020-04-10 08:56:01, 	Kraken      , 	Bitfinex    , 	BTC/GBP, 	5588.1, 	0.05, 	5559.0, 	2.72267265, 	0.523475%, 	0.460000%, 	0.063475%
2020-04-10 08:56:16, 	Kraken      , 	Bitfinex    , 	BTC/GBP, 	5589.4, 	0.303, 	5559.0, 	2.47995526, 	0.546861%, 	0.460000%, 	0.086861%
2020-04-10 08:56:31, 	Kraken      , 	Bitfinex    , 	BTC/GBP, 	5590.2, 	0.303, 	5559.7, 	0.04815525, 	0.548591%, 	0.460000%, 	0.088591%
2020-04-10 08:56:46, 	Kraken      , 	Bitfinex    , 	BTC/GBP, 	5592.1, 	0.05, 	5561.0, 	11.74346805, 	0.559252%, 	0.460000%, 	0.099252%
2020-04-10 08:57:01, 	Kraken      , 	Bitfinex    , 	BTC/GBP, 	5592.1, 	0.05, 	5561.0, 	1.795182, 	0.559252%, 	0.460000%, 	0.099252%
2020-04-10 08:57:16, 	Kraken      , 	Bitfinex    , 	BTC/GBP, 	5592.2, 	0.303, 	5561.0, 	1.795182, 	0.561050%, 	0.460000%, 	0.101050%
2020-04-10 08:57:31, 	Kraken      , 	Bitfinex    , 	BTC/GBP, 	5592.7, 	0.303, 	5561.0, 	7.21733886, 	0.570041%, 	0.460000%, 	0.110041%
2020-04-10 08:57:46, 	Kraken      , 	Bitfinex    , 	BTC/GBP, 	5595.7, 	0.05, 	5562.9, 	1.44731395, 	0.589621%, 	0.460000%, 	0.129621%
2020-04-10 08:58:01, 	Kraken      , 	Bitfinex    , 	BTC/GBP, 	5595.8, 	0.303, 	5566.2, 	12.73377027, 	0.531781%, 	0.460000%, 	0.071781%
2020-04-10 08:58:16, 	Kraken      , 	Bitfinex    , 	BTC/GBP, 	5593.8, 	0.05, 	5563.6, 	6.23215686, 	0.542814%, 	0.460000%, 	0.082814%
2020-04-10 08:58:31, 	Kraken      , 	Bitfinex    , 	BTC/GBP, 	5592.0, 	0.05, 	5562.6, 	15.51772363, 	0.528530%, 	0.460000%, 	0.068530%
2020-04-10 08:58:46, 	Kraken      , 	Bitfinex    , 	BTC/GBP, 	5590.8, 	0.05, 	5560.0, 	0.2, 	0.553957%, 	0.460000%, 	0.093957%
2020-04-10 08:59:01, 	Kraken      , 	Bitfinex    , 	BTC/GBP, 	5590.1, 	0.348, 	5564.4, 	14.07145632, 	0.461865%, 	0.460000%, 	0.001865%
2020-04-10 08:59:16, 	Kraken      , 	Bitfinex    , 	BTC/GBP, 	5587.0, 	0.05, 	5556.6, 	16.4552215, 	0.547097%, 	0.460000%, 	0.087097%
2020-04-10 08:59:31, 	Kraken      , 	Bitfinex    , 	BTC/GBP, 	5588.2, 	0.05, 	5564.9, 	4.96793457, 	0.418696%, 	0.460000%, 	-0.041304%
2020-04-10 09:53:48, 	Kraken      , 	Bitfinex    , 	BTC/GBP, 	5600.0, 	0.179, 	5558.3, 	17.95652677, 	0.750229%, 	0.460000%, 	0.290229%
2020-04-10 09:54:03, 	Kraken      , 	Bitfinex    , 	BTC/GBP, 	5600.0, 	0.179, 	5555.3, 	5.51134876, 	0.804637%, 	0.460000%, 	0.344637%
2020-04-10 09:54:18, 	Kraken      , 	Bitfinex    , 	BTC/GBP, 	5600.0, 	0.179, 	5554.1, 	15.61414554, 	0.826417%, 	0.460000%, 	0.366417%
2020-04-10 09:54:33, 	Kraken      , 	Bitfinex    , 	BTC/GBP, 	5600.0, 	0.179, 	5553.6, 	0.8, 	0.835494%, 	0.460000%, 	0.375494%
2020-04-10 09:54:48, 	Kraken      , 	Bitfinex    , 	BTC/GBP, 	5600.0, 	0.179, 	5552.9, 	8.67215962, 	0.848205%, 	0.460000%, 	0.388205%
2020-04-10 09:55:03, 	Kraken      , 	Bitfinex    , 	BTC/GBP, 	5600.0, 	0.179, 	5551.8, 	15.19362412, 	0.868187%, 	0.460000%, 	0.408187%
2020-04-10 09:55:18, 	Kraken      , 	Bitfinex    , 	BTC/GBP, 	5600.0, 	0.179, 	5551.8, 	4.35562412, 	0.868187%, 	0.460000%, 	0.408187%
2020-04-10 09:55:33, 	Kraken      , 	Bitfinex    , 	BTC/GBP, 	5600.0, 	0.179, 	5552.7, 	0.056, 	0.851838%, 	0.460000%, 	0.391838%
2020-04-10 09:55:48, 	Kraken      , 	Bitfinex    , 	BTC/GBP, 	5600.3, 	0.107, 	5558.4, 	1.05, 	0.753814%, 	0.460000%, 	0.293814%
2020-04-10 09:56:03, 	Kraken      , 	Bitfinex    , 	BTC/GBP, 	5600.0, 	0.179, 	5558.8, 	5.9288035, 	0.741167%, 	0.460000%, 	0.281167%
2020-04-10 09:56:18, 	Kraken      , 	Bitfinex    , 	BTC/GBP, 	5600.0, 	0.179, 	5558.8, 	2.95595034, 	0.741167%, 	0.460000%, 	0.281167%
2020-04-10 09:56:33, 	Kraken      , 	Bitfinex    , 	BTC/GBP, 	5600.0, 	0.179, 	5558.1, 	18.34205446, 	0.753855%, 	0.460000%, 	0.293855%
2020-04-10 09:56:48, 	Kraken      , 	Bitfinex    , 	BTC/GBP, 	5600.0, 	0.179, 	5558.1, 	17.72213421, 	0.753855%, 	0.460000%, 	0.293855%
2020-04-10 09:57:03, 	Kraken      , 	Bitfinex    , 	BTC/GBP, 	5600.0, 	0.179, 	5558.1, 	19.63416346, 	0.753855%, 	0.460000%, 	0.293855%
2020-04-10 09:57:18, 	Kraken      , 	Bitfinex    , 	BTC/GBP, 	5600.0, 	0.179, 	5556.7, 	0.3390485, 	0.779239%, 	0.460000%, 	0.319239%
2020-04-10 09:57:33, 	Kraken      , 	Bitfinex    , 	BTC/GBP, 	5600.0, 	0.179, 	5556.5, 	11.00682066, 	0.782867%, 	0.460000%, 	0.322867%
2020-04-10 09:57:48, 	Kraken      , 	Bitfinex    , 	BTC/GBP, 	5600.0, 	0.179, 	5556.5, 	21.1654278, 	0.782867%, 	0.460000%, 	0.322867%
2020-04-10 09:58:03, 	Kraken      , 	Bitfinex    , 	BTC/GBP, 	5600.0, 	0.179, 	5556.7, 	1.0, 	0.779239%, 	0.460000%, 	0.319239%
2020-04-10 09:58:18, 	Kraken      , 	Bitfinex    , 	BTC/GBP, 	5600.0, 	0.179, 	5556.5, 	17.07834152, 	0.782867%, 	0.460000%, 	0.322867%
2020-04-10 09:58:33, 	Kraken      , 	Bitfinex    , 	BTC/GBP, 	5600.0, 	0.149, 	5556.5, 	18.32947077, 	0.782867%, 	0.460000%, 	0.322867%
2020-04-10 09:58:48, 	Kraken      , 	Bitfinex    , 	BTC/GBP, 	5600.0, 	0.149, 	5551.2, 	18.21583788, 	0.879089%, 	0.460000%, 	0.419089%
2020-04-10 09:59:03, 	Kraken      , 	Bitfinex    , 	BTC/GBP, 	5600.0, 	0.149, 	5551.0, 	0.3390485, 	0.882724%, 	0.460000%, 	0.422724%
2020-04-10 09:59:18, 	Kraken      , 	Bitfinex    , 	BTC/GBP, 	5577.7, 	0.311, 	5551.1, 	18.89985549, 	0.479184%, 	0.460000%, 	0.019184%
2020-04-10 09:59:33, 	Kraken      , 	Bitfinex    , 	BTC/GBP, 	5578.2, 	0.107, 	5551.1, 	17.88383818, 	0.488192%, 	0.460000%, 	0.028192%
2020-04-10 09:59:48, 	Kraken      , 	Bitfinex    , 	BTC/GBP, 	5583.0, 	0.303, 	5555.0, 	1.1676, 	0.504050%, 	0.460000%, 	0.044050%
2020-04-10 10:00:03, 	Kraken      , 	Bitfinex    , 	BTC/GBP, 	5583.4, 	0.107, 	5555.0, 	19.85976423, 	0.511251%, 	0.460000%, 	0.051251%
2020-04-10 10:00:18, 	Kraken      , 	Bitfinex    , 	BTC/GBP, 	5579.6, 	0.107, 	5548.5, 	17.12752506, 	0.560512%, 	0.460000%, 	0.100512%
2020-04-10 10:00:33, 	Kraken      , 	Bitfinex    , 	BTC/GBP, 	5577.3, 	0.107, 	5548.5, 	17.93432659, 	0.519059%, 	0.460000%, 	0.059059%
2020-04-10 10:00:48, 	Kraken      , 	Bitfinex    , 	BTC/GBP, 	5575.8, 	0.008, 	5548.5, 	15.22861405, 	0.492025%, 	0.460000%, 	0.032025%
2020-04-10 10:01:03, 	Kraken      , 	Bitfinex    , 	BTC/GBP, 	5575.8, 	0.008, 	5547.5, 	0.01814429, 	0.510140%, 	0.460000%, 	0.050140%
2020-04-10 10:01:18, 	Kraken      , 	Bitfinex    , 	BTC/GBP, 	5576.6, 	0.107, 	5546.2, 	17.52342782, 	0.548123%, 	0.460000%, 	0.088123%
2020-04-10 10:01:33, 	Kraken      , 	Bitfinex    , 	BTC/GBP, 	5576.1, 	0.006, 	5543.6, 	1.10009434, 	0.586262%, 	0.460000%, 	0.126262%
2020-04-10 10:01:48, 	Kraken      , 	Bitfinex    , 	BTC/GBP, 	5575.9, 	0.107, 	5545.2, 	0.131902, 	0.553632%, 	0.460000%, 	0.093632%
2020-04-10 10:02:03, 	Kraken      , 	Bitfinex    , 	BTC/GBP, 	5573.0, 	0.107, 	5543.2, 	23.16922544, 	0.537596%, 	0.460000%, 	0.077596%
2020-04-10 10:02:18, 	Kraken      , 	Bitfinex    , 	BTC/GBP, 	5571.2, 	0.303, 	5543.1, 	4.51216805, 	0.506937%, 	0.460000%, 	0.046937%
2020-04-10 10:02:33, 	Kraken      , 	Bitfinex    , 	BTC/GBP, 	5573.3, 	0.167, 	5544.8, 	1.09987158, 	0.513995%, 	0.460000%, 	0.053995%
2020-04-10 10:02:48, 	Kraken      , 	Bitfinex    , 	BTC/GBP, 	5576.1, 	0.024, 	5548.4, 	1.33947366, 	0.499243%, 	0.460000%, 	0.039243%
2020-04-10 10:03:03, 	Kraken      , 	Bitfinex    , 	BTC/GBP, 	5578.2, 	0.107, 	5548.9, 	8.59212888, 	0.528033%, 	0.460000%, 	0.068033%
2020-04-10 10:03:18, 	Kraken      , 	Bitfinex    , 	BTC/GBP, 	5578.4, 	0.327, 	5549.3, 	1.32247366, 	0.524390%, 	0.460000%, 	0.064390%
2020-04-10 10:03:33, 	Kraken      , 	Bitfinex    , 	BTC/GBP, 	5581.9, 	0.013, 	5551.5, 	0.41255035, 	0.547600%, 	0.460000%, 	0.087600%
2020-04-10 10:03:48, 	Kraken      , 	Bitfinex    , 	BTC/GBP, 	5585.1, 	0.107, 	5557.1, 	0.48, 	0.503860%, 	0.460000%, 	0.043860%
2020-04-10 10:04:03, 	Kraken      , 	Bitfinex    , 	BTC/GBP, 	5587.1, 	0.024, 	5558.0, 	0.006, 	0.523570%, 	0.460000%, 	0.063570%
2020-04-10 10:04:18, 	Kraken      , 	Bitfinex    , 	BTC/GBP, 	5587.9, 	0.024, 	5559.2, 	0.56004373, 	0.516261%, 	0.460000%, 	0.056261%
2020-04-10 10:04:33, 	Kraken      , 	Bitfinex    , 	BTC/GBP, 	5586.6, 	0.05, 	5555.4, 	4.87333147, 	0.561616%, 	0.460000%, 	0.101616%
2020-04-10 10:04:48, 	Kraken      , 	Bitfinex    , 	BTC/GBP, 	5585.4, 	0.303, 	5554.9, 	0.486, 	0.549065%, 	0.460000%, 	0.089065%
2020-04-10 10:05:03, 	Kraken      , 	Bitfinex    , 	BTC/GBP, 	5585.9, 	0.303, 	5554.9, 	0.48604373, 	0.558066%, 	0.460000%, 	0.098066%
2020-04-10 10:05:18, 	Kraken      , 	Bitfinex    , 	BTC/GBP, 	5586.5, 	0.303, 	5555.3, 	0.59267873, 	0.561626%, 	0.460000%, 	0.101626%
2020-04-10 10:05:33, 	Kraken      , 	Bitfinex    , 	BTC/GBP, 	5583.4, 	0.303, 	5555.8, 	6.61395505, 	0.496778%, 	0.460000%, 	0.036778%
2020-04-10 10:05:48, 	Kraken      , 	Bitfinex    , 	BTC/GBP, 	5582.6, 	0.107, 	5555.3, 	19.29896579, 	0.491423%, 	0.460000%, 	0.031423%
2020-04-10 10:06:03, 	Kraken      , 	Bitfinex    , 	BTC/GBP, 	5583.3, 	0.303, 	5555.3, 	27.71319711, 	0.504023%, 	0.460000%, 	0.044023%
2020-04-10 10:06:18, 	Kraken      , 	Bitfinex    , 	BTC/GBP, 	5579.1, 	0.107, 	5555.3, 	28.19379711, 	0.428420%, 	0.460000%, 	-0.031580%
2020-04-10 10:46:29, 	Kraken      , 	Bitfinex    , 	BTC/GBP, 	5533.0, 	0.394, 	5508.2, 	0.0054, 	0.450238%, 	0.460000%, 	-0.009762%
2020-04-10 11:41:11, 	Kraken      , 	Bitfinex    , 	BTC/GBP, 	5587.2, 	0.303, 	5558.2, 	0.05207537, 	0.521752%, 	0.460000%, 	0.061752%
2020-04-10 11:41:26, 	Kraken      , 	Bitfinex    , 	BTC/GBP, 	5587.2, 	0.303, 	5558.2, 	0.01707537, 	0.521752%, 	0.460000%, 	0.061752%
2020-04-10 11:41:41, 	Kraken      , 	Bitfinex    , 	BTC/GBP, 	5587.2, 	0.303, 	5560.8, 	1.74616248, 	0.474752%, 	0.460000%, 	0.014752%
2020-04-10 11:41:56, 	Kraken      , 	Bitfinex    , 	BTC/GBP, 	5587.2, 	0.303, 	5560.8, 	0.48, 	0.474752%, 	0.460000%, 	0.014752%
2020-04-10 11:42:11, 	Kraken      , 	Bitfinex    , 	BTC/GBP, 	5587.2, 	0.303, 	5560.9, 	2.32690874, 	0.472945%, 	0.460000%, 	0.012945%
2020-04-10 11:42:26, 	Kraken      , 	Bitfinex    , 	BTC/GBP, 	5587.2, 	0.303, 	5560.9, 	2.32690874, 	0.472945%, 	0.460000%, 	0.012945%
2020-04-10 11:42:41, 	Kraken      , 	Bitfinex    , 	BTC/GBP, 	5586.6, 	0.303, 	5560.8, 	0.77, 	0.463962%, 	0.460000%, 	0.003962%
2020-04-10 11:42:56, 	Kraken      , 	Bitfinex    , 	BTC/GBP, 	5586.6, 	0.303, 	5560.7, 	0.04630894, 	0.465769%, 	0.460000%, 	0.005769%
2020-04-10 11:43:11, 	Kraken      , 	Bitfinex    , 	BTC/GBP, 	5586.6, 	0.303, 	5560.7, 	0.06899514, 	0.465769%, 	0.460000%, 	0.005769%
2020-04-10 11:43:26, 	Kraken      , 	Bitfinex    , 	BTC/GBP, 	5586.9, 	0.303, 	5560.9, 	2.23497312, 	0.467550%, 	0.460000%, 	0.007550%
2020-04-10 11:43:41, 	Kraken      , 	Bitfinex    , 	BTC/GBP, 	5587.1, 	0.303, 	5560.9, 	2.14627238, 	0.471147%, 	0.460000%, 	0.011147%
2020-04-10 11:43:56, 	Kraken      , 	Bitfinex    , 	BTC/GBP, 	5586.9, 	0.303, 	5560.9, 	2.12907238, 	0.467550%, 	0.460000%, 	0.007550%
2020-04-10 11:44:11, 	Kraken      , 	Bitfinex    , 	BTC/GBP, 	5587.1, 	0.303, 	5560.9, 	2.07407238, 	0.471147%, 	0.460000%, 	0.011147%
2020-04-10 11:44:26, 	Kraken      , 	Bitfinex    , 	BTC/GBP, 	5587.1, 	0.303, 	5560.9, 	2.05192976, 	0.471147%, 	0.460000%, 	0.011147%
2020-04-10 11:44:41, 	Kraken      , 	Bitfinex    , 	BTC/GBP, 	5587.2, 	0.303, 	5563.8, 	0.05030806, 	0.420576%, 	0.460000%, 	-0.039424%
